seed,domain_count,fault_budget,n_candidates,adversary,feasible,theoretical_min_cost,realized_cost,verdict,queried_count,wasted_queries,rounds,overhead_ratio
950610600,6,1,6,benign,1,7,7,ALLOW,2,0,1,1.0
950610601,6,1,6,benign,1,5,5,ALLOW,2,0,1,1.0
950610602,6,1,6,benign,1,5,5,ALLOW,2,0,1,1.0
950610603,6,1,6,benign,1,12,12,ALLOW,2,0,1,1.0
950610604,6,1,6,benign,1,3,3,ALLOW,2,0,1,1.0
950610605,6,1,6,benign,1,14,14,ALLOW,2,0,1,1.0
950610606,6,1,6,benign,1,10,10,ALLOW,2,0,1,1.0
950610607,6,1,6,benign,1,4,4,ALLOW,2,0,1,1.0
950610608,6,1,6,benign,1,7,7,ALLOW,2,0,1,1.0
950610609,6,1,6,benign,1,6,6,ALLOW,2,0,1,1.0
950610610,6,1,6,benign,1,8,8,ALLOW,2,0,1,1.0
950610611,6,1,6,benign,1,2,2,ALLOW,2,0,1,1.0
950610612,6,1,6,benign,1,3,3,ALLOW,2,0,1,1.0
950610613,6,1,6,benign,1,11,11,ALLOW,2,0,1,1.0
950610614,6,1,6,benign,1,6,6,ALLOW,2,0,1,1.0
950610615,6,1,6,benign,1,14,14,ALLOW,3,0,1,1.0
950610616,6,1,6,benign,1,2,2,ALLOW,2,0,1,1.0
950610617,6,1,6,benign,1,4,4,ALLOW,2,0,1,1.0
950610618,6,1,6,benign,1,5,5,ALLOW,2,0,1,1.0
950610619,6,1,6,benign,1,10,10,ALLOW,2,0,1,1.0
950610610,6,1,6,random,1,12,16,ALLOW,3,1,2,1.3333333333333333
950610611,6,1,6,random,1,2,2,ALLOW,2,0,1,1.0
950610612,6,1,6,random,1,7,10,ALLOW,4,1,2,1.4285714285714286
950610613,6,1,6,random,1,13,15,ALLOW,3,1,2,1.1538461538461537
950610614,6,1,6,random,1,6,6,ALLOW,2,0,1,1.0
950610615,6,1,6,random,0,,17,STEP_UP,3,2,3,
950610616,6,1,6,random,1,2,2,ALLOW,2,0,1,1.0
950610617,6,1,6,random,1,4,4,ALLOW,2,0,1,1.0
950610618,6,1,6,random,1,5,8,ALLOW,3,1,2,1.6
950610619,6,1,6,random,1,10,10,ALLOW,2,0,1,1.0
950610620,6,1,6,random,1,2,2,ALLOW,2,0,1,1.0
950610621,6,1,6,random,1,5,8,ALLOW,3,1,2,1.6
950610622,6,1,6,random,1,2,2,ALLOW,2,0,1,1.0
950610623,6,1,6,random,1,4,4,ALLOW,2,0,1,1.0
950610624,6,1,6,random,1,5,9,ALLOW,3,1,2,1.8
950610625,6,1,6,random,1,13,14,ALLOW,3,1,2,1.0769230769230769
950610626,6,1,6,random,1,5,7,ALLOW,3,1,2,1.4
950610627,6,1,6,random,1,6,6,ALLOW,2,0,1,1.0
950610628,6,1,6,random,1,2,2,ALLOW,2,0,1,1.0
950610629,6,1,6,random,1,3,3,ALLOW,2,0,1,1.0
950610620,6,1,6,adversarial,1,7,10,ALLOW,5,3,4,1.4285714285714286
950610621,6,1,6,adversarial,0,,5,STEP_UP,2,2,3,
950610622,6,1,6,adversarial,1,13,19,ALLOW,4,2,3,1.4615384615384615
950610623,6,1,6,adversarial,1,15,24,ALLOW,5,3,4,1.6
950610624,6,1,6,adversarial,1,9,17,ALLOW,5,3,4,1.8888888888888888
950610625,6,1,6,adversarial,1,16,23,ALLOW,4,2,3,1.4375
950610626,6,1,6,adversarial,1,9,16,ALLOW,5,3,4,1.7777777777777777
950610627,6,1,6,adversarial,0,,1,STEP_UP,1,1,2,
950610628,6,1,6,adversarial,1,10,15,ALLOW,4,2,3,1.5
950610629,6,1,6,adversarial,1,13,20,ALLOW,5,3,4,1.5384615384615385
950610630,6,1,6,adversarial,0,,2,STEP_UP,2,2,3,
950610631,6,1,6,adversarial,1,8,11,ALLOW,4,2,3,1.375
950610632,6,1,6,adversarial,1,14,16,ALLOW,3,1,2,1.1428571428571428
950610633,6,1,6,adversarial,0,,17,STEP_UP,4,3,4,
950610634,6,1,6,adversarial,1,14,18,ALLOW,3,1,2,1.2857142857142858
950610635,6,1,6,adversarial,1,14,22,ALLOW,4,2,3,1.5714285714285714
950610636,6,1,6,adversarial,1,10,14,ALLOW,5,3,4,1.4
950610637,6,1,6,adversarial,1,9,12,ALLOW,3,1,2,1.3333333333333333
950610638,6,1,6,adversarial,1,18,25,ALLOW,5,3,4,1.3888888888888888
950610639,6,1,6,adversarial,0,,16,STEP_UP,5,3,4,
950610900,6,1,9,benign,1,7,7,ALLOW,2,0,1,1.0
950610901,6,1,9,benign,1,7,7,ALLOW,2,0,1,1.0
950610902,6,1,9,benign,1,3,3,ALLOW,2,0,1,1.0
950610903,6,1,9,benign,1,7,7,ALLOW,2,0,1,1.0
950610904,6,1,9,benign,1,3,3,ALLOW,2,0,1,1.0
950610905,6,1,9,benign,1,2,2,ALLOW,2,0,1,1.0
950610906,6,1,9,benign,1,10,10,ALLOW,2,0,1,1.0
950610907,6,1,9,benign,1,7,7,ALLOW,2,0,1,1.0
950610908,6,1,9,benign,1,5,5,ALLOW,2,0,1,1.0
950610909,6,1,9,benign,1,4,4,ALLOW,2,0,1,1.0
950610910,6,1,9,benign,1,5,5,ALLOW,2,0,1,1.0
950610911,6,1,9,benign,1,5,5,ALLOW,2,0,1,1.0
950610912,6,1,9,benign,1,4,4,ALLOW,2,0,1,1.0
950610913,6,1,9,benign,1,6,6,ALLOW,2,0,1,1.0
950610914,6,1,9,benign,1,7,7,ALLOW,2,0,1,1.0
950610915,6,1,9,benign,1,6,6,ALLOW,2,0,1,1.0
950610916,6,1,9,benign,1,6,6,ALLOW,2,0,1,1.0
950610917,6,1,9,benign,1,2,2,ALLOW,2,0,1,1.0
950610918,6,1,9,benign,1,6,6,ALLOW,2,0,1,1.0
950610919,6,1,9,benign,1,6,6,ALLOW,2,0,1,1.0
950610910,6,1,9,random,1,5,5,ALLOW,2,0,1,1.0
950610911,6,1,9,random,1,5,5,ALLOW,2,0,1,1.0
950610912,6,1,9,random,1,6,8,ALLOW,3,1,2,1.3333333333333333
950610913,6,1,9,random,1,6,9,ALLOW,3,1,2,1.5
950610914,6,1,9,random,0,,30,STEP_UP,6,4,5,
950610915,6,1,9,random,1,6,6,ALLOW,2,0,1,1.0
950610916,6,1,9,random,1,6,6,ALLOW,2,0,1,1.0
950610917,6,1,9,random,1,2,2,ALLOW,2,0,1,1.0
950610918,6,1,9,random,1,8,14,ALLOW,4,1,2,1.75
950610919,6,1,9,random,1,8,13,ALLOW,3,1,2,1.625
950610920,6,1,9,random,1,5,5,ALLOW,2,0,1,1.0
950610921,6,1,9,random,1,3,6,ALLOW,5,3,4,2.0
950610922,6,1,9,random,1,6,6,ALLOW,2,0,1,1.0
950610923,6,1,9,random,1,9,13,ALLOW,3,1,2,1.4444444444444444
950610924,6,1,9,random,1,10,15,ALLOW,4,2,3,1.5
950610925,6,1,9,random,1,11,11,ALLOW,2,0,1,1.0
950610926,6,1,9,random,1,6,9,ALLOW,4,1,2,1.5
950610927,6,1,9,random,1,7,15,ALLOW,4,2,3,2.142857142857143
950610928,6,1,9,random,1,7,7,ALLOW,2,0,1,1.0
950610929,6,1,9,random,1,6,7,ALLOW,3,1,2,1.1666666666666667
950610920,6,1,9,adversarial,1,15,33,ALLOW,7,5,6,2.2
950610921,6,1,9,adversarial,1,10,14,ALLOW,6,4,5,1.4
950610922,6,1,9,adversarial,1,18,38,ALLOW,7,5,6,2.111111111111111
950610923,6,1,9,adversarial,1,15,38,ALLOW,7,5,6,2.533333333333333
950610924,6,1,9,adversarial,1,16,37,ALLOW,7,5,6,2.3125
950610925,6,1,9,adversarial,1,14,37,ALLOW,6,4,5,2.642857142857143
950610926,6,1,9,adversarial,1,13,25,ALLOW,7,5,6,1.9230769230769231
950610927,6,1,9,adversarial,1,10,17,ALLOW,4,2,3,1.7
950610928,6,1,9,adversarial,1,15,41,ALLOW,7,5,6,2.7333333333333334
950610929,6,1,9,adversarial,1,11,29,ALLOW,8,5,6,2.6363636363636362
950610930,6,1,9,adversarial,0,,32,STEP_UP,6,5,6,
950610931,6,1,9,adversarial,1,12,25,ALLOW,6,4,5,2.0833333333333335
950610932,6,1,9,adversarial,1,10,20,ALLOW,7,5,6,2.0
950610933,6,1,9,adversarial,1,21,33,ALLOW,8,5,6,1.5714285714285714
950610934,6,1,9,adversarial,1,13,27,ALLOW,7,5,6,2.076923076923077
950610935,6,1,9,adversarial,1,11,21,ALLOW,5,3,4,1.9090909090909092
950610936,6,1,9,adversarial,1,17,36,ALLOW,7,5,6,2.1176470588235294
950610937,6,1,9,adversarial,1,11,21,ALLOW,6,4,5,1.9090909090909092
950610938,6,1,9,adversarial,1,12,26,ALLOW,7,5,6,2.1666666666666665
950610939,6,1,9,adversarial,1,10,19,ALLOW,5,3,4,1.9
950611200,6,1,12,benign,1,2,2,ALLOW,2,0,1,1.0
950611201,6,1,12,benign,1,2,2,ALLOW,2,0,1,1.0
950611202,6,1,12,benign,1,2,2,ALLOW,2,0,1,1.0
950611203,6,1,12,benign,1,3,3,ALLOW,2,0,1,1.0
950611204,6,1,12,benign,1,3,3,ALLOW,2,0,1,1.0
950611205,6,1,12,benign,1,3,3,ALLOW,2,0,1,1.0
950611206,6,1,12,benign,1,3,3,ALLOW,2,0,1,1.0
950611207,6,1,12,benign,1,6,6,ALLOW,2,0,1,1.0
950611208,6,1,12,benign,1,4,4,ALLOW,2,0,1,1.0
950611209,6,1,12,benign,1,5,5,ALLOW,2,0,1,1.0
950611210,6,1,12,benign,1,2,2,ALLOW,2,0,1,1.0
950611211,6,1,12,benign,1,2,2,ALLOW,2,0,1,1.0
950611212,6,1,12,benign,1,3,3,ALLOW,2,0,1,1.0
950611213,6,1,12,benign,1,2,2,ALLOW,2,0,1,1.0
950611214,6,1,12,benign,1,2,2,ALLOW,2,0,1,1.0
950611215,6,1,12,benign,1,5,5,ALLOW,2,0,1,1.0
950611216,6,1,12,benign,1,4,4,ALLOW,2,0,1,1.0
950611217,6,1,12,benign,1,3,3,ALLOW,2,0,1,1.0
950611218,6,1,12,benign,1,7,7,ALLOW,2,0,1,1.0
950611219,6,1,12,benign,1,3,3,ALLOW,2,0,1,1.0
950611210,6,1,12,random,1,7,13,ALLOW,4,2,3,1.8571428571428572
950611211,6,1,12,random,1,2,2,ALLOW,2,0,1,1.0
950611212,6,1,12,random,1,4,6,ALLOW,3,1,2,1.5
950611213,6,1,12,random,1,2,2,ALLOW,2,0,1,1.0
950611214,6,1,12,random,1,2,2,ALLOW,2,0,1,1.0
950611215,6,1,12,random,1,8,23,ALLOW,5,3,4,2.875
950611216,6,1,12,random,1,7,11,ALLOW,5,2,3,1.5714285714285714
950611217,6,1,12,random,1,3,3,ALLOW,2,0,1,1.0
950611218,6,1,12,random,1,7,12,ALLOW,3,1,2,1.7142857142857142
950611219,6,1,12,random,1,4,6,ALLOW,3,1,2,1.5
950611220,6,1,12,random,1,6,6,ALLOW,2,0,1,1.0
950611221,6,1,12,random,1,2,2,ALLOW,2,0,1,1.0
950611222,6,1,12,random,1,12,17,ALLOW,3,1,2,1.4166666666666667
950611223,6,1,12,random,1,5,8,ALLOW,3,1,2,1.6
950611224,6,1,12,random,1,6,7,ALLOW,3,1,2,1.1666666666666667
950611225,6,1,12,random,1,4,4,ALLOW,2,0,1,1.0
950611226,6,1,12,random,1,11,17,ALLOW,4,2,3,1.5454545454545454
950611227,6,1,12,random,1,4,4,ALLOW,2,0,1,1.0
950611228,6,1,12,random,1,2,2,ALLOW,2,0,1,1.0
950611229,6,1,12,random,1,3,3,ALLOW,2,0,1,1.0
950611220,6,1,12,adversarial,1,14,43,ALLOW,8,6,7,3.0714285714285716
950611221,6,1,12,adversarial,1,12,32,ALLOW,9,7,8,2.6666666666666665
950611222,6,1,12,adversarial,1,18,55,ALLOW,8,6,7,3.0555555555555554
950611223,6,1,12,adversarial,1,11,33,ALLOW,9,7,8,3.0
950611224,6,1,12,adversarial,1,12,39,ALLOW,9,7,8,3.25
950611225,6,1,12,adversarial,1,14,34,ALLOW,7,5,6,2.4285714285714284
950611226,6,1,12,adversarial,1,14,44,ALLOW,9,7,8,3.142857142857143
950611227,6,1,12,adversarial,1,17,45,ALLOW,9,7,8,2.6470588235294117
950611228,6,1,12,adversarial,1,8,19,ALLOW,9,7,8,2.375
950611229,6,1,12,adversarial,1,14,40,ALLOW,10,7,8,2.857142857142857
950611230,6,1,12,adversarial,1,15,41,ALLOW,8,6,7,2.7333333333333334
950611231,6,1,12,adversarial,1,18,24,ALLOW,5,3,4,1.3333333333333333
950611232,6,1,12,adversarial,1,17,49,ALLOW,9,7,8,2.8823529411764706
950611233,6,1,12,adversarial,1,16,44,ALLOW,8,6,7,2.75
950611234,6,1,12,adversarial,1,11,29,ALLOW,9,7,8,2.6363636363636362
950611235,6,1,12,adversarial,1,14,40,ALLOW,9,7,8,2.857142857142857
950611236,6,1,12,adversarial,1,12,27,ALLOW,7,5,6,2.25
950611237,6,1,12,adversarial,1,10,26,ALLOW,8,6,7,2.6
950611238,6,1,12,adversarial,1,9,25,ALLOW,8,6,7,2.7777777777777777
950611239,6,1,12,adversarial,0,,21,STEP_UP,8,7,8,
950620600,6,2,6,benign,0,,0,STEP_UP,0,0,1,
950620601,6,2,6,benign,1,13,13,ALLOW,3,0,1,1.0
950620602,6,2,6,benign,1,9,9,ALLOW,3,0,1,1.0
950620603,6,2,6,benign,0,,0,STEP_UP,0,0,1,
950620604,6,2,6,benign,1,20,20,ALLOW,3,0,1,1.0
950620605,6,2,6,benign,0,,0,STEP_UP,0,0,1,
950620606,6,2,6,benign,0,,0,STEP_UP,0,0,1,
950620607,6,2,6,benign,1,12,12,ALLOW,3,0,1,1.0
950620608,6,2,6,benign,0,,0,STEP_UP,0,0,1,
950620609,6,2,6,benign,0,,0,STEP_UP,0,0,1,
950620610,6,2,6,benign,1,7,7,ALLOW,3,0,1,1.0
950620611,6,2,6,benign,1,8,8,ALLOW,3,0,1,1.0
950620612,6,2,6,benign,1,20,20,ALLOW,4,0,1,1.0
950620613,6,2,6,benign,0,,0,STEP_UP,0,0,1,
950620614,6,2,6,benign,1,15,15,ALLOW,3,0,1,1.0
950620615,6,2,6,benign,0,,0,STEP_UP,0,0,1,
950620616,6,2,6,benign,1,18,18,ALLOW,4,0,1,1.0
950620617,6,2,6,benign,1,17,17,ALLOW,4,0,1,1.0
950620618,6,2,6,benign,1,12,12,ALLOW,4,0,1,1.0
950620619,6,2,6,benign,1,20,20,ALLOW,3,0,1,1.0
950620610,6,2,6,random,0,,12,STEP_UP,4,2,3,
950620611,6,2,6,random,0,,9,STEP_UP,2,2,3,
950620612,6,2,6,random,0,,15,STEP_UP,2,2,3,
950620613,6,2,6,random,0,,0,STEP_UP,0,0,1,
950620614,6,2,6,random,0,,9,STEP_UP,1,1,2,
950620615,6,2,6,random,0,,0,STEP_UP,0,0,1,
950620616,6,2,6,random,0,,6,STEP_UP,1,1,2,
950620617,6,2,6,random,0,,8,STEP_UP,1,1,2,
950620618,6,2,6,random,0,,10,STEP_UP,2,1,2,
950620619,6,2,6,random,0,,9,STEP_UP,2,2,3,
950620620,6,2,6,random,0,,0,STEP_UP,0,0,1,
950620621,6,2,6,random,1,18,18,ALLOW,3,0,1,1.0
950620622,6,2,6,random,0,,0,STEP_UP,0,0,1,
950620623,6,2,6,random,0,,0,STEP_UP,0,0,1,
950620624,6,2,6,random,1,18,30,ALLOW,5,2,3,1.6666666666666667
950620625,6,2,6,random,0,,19,STEP_UP,3,2,3,
950620626,6,2,6,random,0,,0,STEP_UP,0,0,1,
950620627,6,2,6,random,0,,7,STEP_UP,2,1,2,
950620628,6,2,6,random,0,,0,STEP_UP,0,0,1,
950620629,6,2,6,random,0,,14,STEP_UP,2,1,2,
950620620,6,2,6,adversarial,0,,0,STEP_UP,0,0,1,
950620621,6,2,6,adversarial,0,,33,STEP_UP,5,3,4,
950620622,6,2,6,adversarial,0,,0,STEP_UP,0,0,1,
950620623,6,2,6,adversarial,0,,0,STEP_UP,0,0,1,
950620624,6,2,6,adversarial,1,24,30,ALLOW,5,2,3,1.25
950620625,6,2,6,adversarial,0,,6,STEP_UP,1,1,2,
950620626,6,2,6,adversarial,0,,0,STEP_UP,0,0,1,
950620627,6,2,6,adversarial,0,,7,STEP_UP,2,1,2,
950620628,6,2,6,adversarial,0,,0,STEP_UP,0,0,1,
950620629,6,2,6,adversarial,1,23,30,ALLOW,4,1,2,1.3043478260869565
950620630,6,2,6,adversarial,0,,14,STEP_UP,3,2,3,
950620631,6,2,6,adversarial,0,,0,STEP_UP,0,0,1,
950620632,6,2,6,adversarial,0,,15,STEP_UP,4,2,3,
950620633,6,2,6,adversarial,0,,0,STEP_UP,0,0,1,
950620634,6,2,6,adversarial,0,,12,STEP_UP,3,2,3,
950620635,6,2,6,adversarial,0,,0,STEP_UP,0,0,1,
950620636,6,2,6,adversarial,1,21,24,ALLOW,4,1,2,1.1428571428571428
950620637,6,2,6,adversarial,1,23,26,ALLOW,5,2,3,1.1304347826086956
950620638,6,2,6,adversarial,0,,15,STEP_UP,3,2,3,
950620639,6,2,6,adversarial,0,,0,STEP_UP,0,0,1,
950620900,6,2,9,benign,1,9,9,ALLOW,3,0,1,1.0
950620901,6,2,9,benign,1,9,9,ALLOW,3,0,1,1.0
950620902,6,2,9,benign,1,17,17,ALLOW,3,0,1,1.0
950620903,6,2,9,benign,1,14,14,ALLOW,3,0,1,1.0
950620904,6,2,9,benign,1,14,14,ALLOW,3,0,1,1.0
950620905,6,2,9,benign,1,7,7,ALLOW,3,0,1,1.0
950620906,6,2,9,benign,1,11,11,ALLOW,4,0,1,1.0
950620907,6,2,9,benign,1,5,5,ALLOW,3,0,1,1.0
950620908,6,2,9,benign,1,9,9,ALLOW,3,0,1,1.0
950620909,6,2,9,benign,0,,0,STEP_UP,0,0,1,
950620910,6,2,9,benign,1,11,11,ALLOW,3,0,1,1.0
950620911,6,2,9,benign,1,15,15,ALLOW,3,0,1,1.0
950620912,6,2,9,benign,1,8,8,ALLOW,3,0,1,1.0
950620913,6,2,9,benign,1,6,6,ALLOW,3,0,1,1.0
950620914,6,2,9,benign,1,18,18,ALLOW,3,0,1,1.0
950620915,6,2,9,benign,1,11,11,ALLOW,3,0,1,1.0
950620916,6,2,9,benign,1,7,7,ALLOW,3,0,1,1.0
950620917,6,2,9,benign,1,8,8,ALLOW,3,0,1,1.0
950620918,6,2,9,benign,0,,0,STEP_UP,0,0,1,
950620919,6,2,9,benign,1,13,13,ALLOW,3,0,1,1.0
950620910,6,2,9,random,1,20,24,ALLOW,5,2,3,1.2
950620911,6,2,9,random,1,22,40,ALLOW,8,4,5,1.8181818181818181
950620912,6,2,9,random,1,13,21,ALLOW,6,3,4,1.6153846153846154
950620913,6,2,9,random,1,9,11,ALLOW,4,1,2,1.2222222222222223
950620914,6,2,9,random,1,18,18,ALLOW,3,0,1,1.0
950620915,6,2,9,random,1,14,19,ALLOW,4,1,2,1.3571428571428572
950620916,6,2,9,random,1,7,7,ALLOW,3,0,1,1.0
950620917,6,2,9,random,1,10,13,ALLOW,4,1,2,1.3
950620918,6,2,9,random,0,,0,STEP_UP,0,0,1,
950620919,6,2,9,random,1,14,20,ALLOW,5,1,2,1.4285714285714286
950620920,6,2,9,random,0,,18,STEP_UP,4,3,4,
950620921,6,2,9,random,0,,7,STEP_UP,2,1,2,
950620922,6,2,9,random,0,,15,STEP_UP,2,2,3,
950620923,6,2,9,random,1,10,15,ALLOW,5,2,3,1.5
950620924,6,2,9,random,1,20,20,ALLOW,3,0,1,1.0
950620925,6,2,9,random,1,8,8,ALLOW,3,0,1,1.0
950620926,6,2,9,random,1,14,14,ALLOW,3,0,1,1.0
950620927,6,2,9,random,1,9,9,ALLOW,3,0,1,1.0
950620928,6,2,9,random,1,19,27,ALLOW,4,1,2,1.4210526315789473
950620929,6,2,9,random,0,,0,STEP_UP,0,0,1,
950620920,6,2,9,adversarial,1,18,27,ALLOW,7,4,5,1.5
950620921,6,2,9,adversarial,0,,7,STEP_UP,2,1,2,
950620922,6,2,9,adversarial,1,24,35,ALLOW,6,3,4,1.4583333333333333
950620923,6,2,9,adversarial,0,,10,STEP_UP,3,2,3,
950620924,6,2,9,adversarial,0,,8,STEP_UP,2,2,3,
950620925,6,2,9,adversarial,0,,28,STEP_UP,6,4,5,
950620926,6,2,9,adversarial,0,,12,STEP_UP,4,3,4,
950620927,6,2,9,adversarial,0,,23,STEP_UP,4,3,4,
950620928,6,2,9,adversarial,1,25,39,ALLOW,6,3,4,1.56
950620929,6,2,9,adversarial,0,,0,STEP_UP,0,0,1,
950620930,6,2,9,adversarial,0,,0,STEP_UP,0,0,1,
950620931,6,2,9,adversarial,0,,0,STEP_UP,0,0,1,
950620932,6,2,9,adversarial,0,,21,STEP_UP,4,2,3,
950620933,6,2,9,adversarial,0,,13,STEP_UP,4,3,4,
950620934,6,2,9,adversarial,1,24,31,ALLOW,6,3,4,1.2916666666666667
950620935,6,2,9,adversarial,0,,0,STEP_UP,0,0,1,
950620936,6,2,9,adversarial,1,22,36,ALLOW,6,3,4,1.6363636363636365
950620937,6,2,9,adversarial,0,,4,STEP_UP,1,1,2,
950620938,6,2,9,adversarial,0,,17,STEP_UP,4,3,4,
950620939,6,2,9,adversarial,1,21,31,ALLOW,6,3,4,1.4761904761904763
950621200,6,2,12,benign,1,10,10,ALLOW,3,0,1,1.0
950621201,6,2,12,benign,1,11,11,ALLOW,3,0,1,1.0
950621202,6,2,12,benign,1,11,11,ALLOW,3,0,1,1.0
950621203,6,2,12,benign,1,15,15,ALLOW,3,0,1,1.0
950621204,6,2,12,benign,1,9,9,ALLOW,3,0,1,1.0
950621205,6,2,12,benign,1,8,8,ALLOW,3,0,1,1.0
950621206,6,2,12,benign,1,8,8,ALLOW,3,0,1,1.0
950621207,6,2,12,benign,1,16,16,ALLOW,3,0,1,1.0
950621208,6,2,12,benign,1,5,5,ALLOW,3,0,1,1.0
950621209,6,2,12,benign,0,,0,STEP_UP,0,0,1,
950621210,6,2,12,benign,1,9,9,ALLOW,3,0,1,1.0
950621211,6,2,12,benign,1,15,15,ALLOW,3,0,1,1.0
950621212,6,2,12,benign,1,5,5,ALLOW,3,0,1,1.0
950621213,6,2,12,benign,1,7,7,ALLOW,3,0,1,1.0
950621214,6,2,12,benign,1,7,7,ALLOW,3,0,1,1.0
950621215,6,2,12,benign,1,7,7,ALLOW,3,0,1,1.0
950621216,6,2,12,benign,1,16,16,ALLOW,4,0,1,1.0
950621217,6,2,12,benign,1,11,11,ALLOW,3,0,1,1.0
950621218,6,2,12,benign,0,,0,STEP_UP,0,0,1,
950621219,6,2,12,benign,1,6,6,ALLOW,3,0,1,1.0
950621210,6,2,12,random,1,13,25,ALLOW,6,2,3,1.9230769230769231
950621211,6,2,12,random,1,15,28,ALLOW,5,2,3,1.8666666666666667
950621212,6,2,12,random,1,5,5,ALLOW,3,0,1,1.0
950621213,6,2,12,random,0,,16,STEP_UP,4,2,3,
950621214,6,2,12,random,1,8,10,ALLOW,5,1,2,1.25
950621215,6,2,12,random,1,8,11,ALLOW,4,1,2,1.375
950621216,6,2,12,random,0,,34,STEP_UP,5,3,4,
950621217,6,2,12,random,1,11,11,ALLOW,3,0,1,1.0
950621218,6,2,12,random,0,,0,STEP_UP,0,0,1,
950621219,6,2,12,random,1,7,9,ALLOW,4,1,2,1.2857142857142858
950621220,6,2,12,random,1,9,9,ALLOW,3,0,1,1.0
950621221,6,2,12,random,1,13,13,ALLOW,3,0,1,1.0
950621222,6,2,12,random,1,11,16,ALLOW,4,1,2,1.4545454545454546
950621223,6,2,12,random,1,16,16,ALLOW,3,0,1,1.0
950621224,6,2,12,random,1,18,18,ALLOW,3,0,1,1.0
950621225,6,2,12,random,0,,0,STEP_UP,0,0,1,
950621226,6,2,12,random,1,11,23,ALLOW,6,3,4,2.090909090909091
950621227,6,2,12,random,1,6,6,ALLOW,3,0,1,1.0
950621228,6,2,12,random,1,14,28,ALLOW,8,4,5,2.0
950621229,6,2,12,random,1,10,11,ALLOW,4,1,2,1.1
950621220,6,2,12,adversarial,1,19,34,ALLOW,7,4,5,1.7894736842105263
950621221,6,2,12,adversarial,0,,12,STEP_UP,2,1,2,
950621222,6,2,12,adversarial,1,24,42,ALLOW,8,5,6,1.75
950621223,6,2,12,adversarial,0,,30,STEP_UP,5,5,6,
950621224,6,2,12,adversarial,0,,43,STEP_UP,7,5,6,
950621225,6,2,12,adversarial,0,,0,STEP_UP,0,0,1,
950621226,6,2,12,adversarial,0,,20,STEP_UP,6,5,6,
950621227,6,2,12,adversarial,0,,19,STEP_UP,5,4,5,
950621228,6,2,12,adversarial,1,17,27,ALLOW,8,5,6,1.588235294117647
950621229,6,2,12,adversarial,1,26,37,ALLOW,7,4,5,1.4230769230769231
950621230,6,2,12,adversarial,0,,17,STEP_UP,5,5,6,
950621231,6,2,12,adversarial,1,24,32,ALLOW,7,4,5,1.3333333333333333
950621232,6,2,12,adversarial,0,,17,STEP_UP,5,5,6,
950621233,6,2,12,adversarial,0,,11,STEP_UP,4,3,4,
950621234,6,2,12,adversarial,1,25,47,ALLOW,11,7,8,1.88
950621235,6,2,12,adversarial,1,26,35,ALLOW,7,4,5,1.3461538461538463
950621236,6,2,12,adversarial,1,31,41,ALLOW,8,4,5,1.3225806451612903
950621237,6,2,12,adversarial,0,,15,STEP_UP,4,3,4,
950621238,6,2,12,adversarial,0,,11,STEP_UP,3,2,3,
950621239,6,2,12,adversarial,1,23,31,ALLOW,6,3,4,1.3478260869565217
951010600,10,1,6,benign,1,6,6,ALLOW,2,0,1,1.0
951010601,10,1,6,benign,1,7,7,ALLOW,2,0,1,1.0
951010602,10,1,6,benign,1,4,4,ALLOW,2,0,1,1.0
951010603,10,1,6,benign,1,15,15,ALLOW,2,0,1,1.0
951010604,10,1,6,benign,1,5,5,ALLOW,2,0,1,1.0
951010605,10,1,6,benign,1,4,4,ALLOW,2,0,1,1.0
951010606,10,1,6,benign,1,5,5,ALLOW,2,0,1,1.0
951010607,10,1,6,benign,1,7,7,ALLOW,2,0,1,1.0
951010608,10,1,6,benign,1,12,12,ALLOW,2,0,1,1.0
951010609,10,1,6,benign,1,5,5,ALLOW,2,0,1,1.0
951010610,10,1,6,benign,1,3,3,ALLOW,2,0,1,1.0
951010611,10,1,6,benign,1,2,2,ALLOW,2,0,1,1.0
951010612,10,1,6,benign,1,2,2,ALLOW,2,0,1,1.0
951010613,10,1,6,benign,1,9,9,ALLOW,2,0,1,1.0
951010614,10,1,6,benign,1,3,3,ALLOW,2,0,1,1.0
951010615,10,1,6,benign,1,6,6,ALLOW,2,0,1,1.0
951010616,10,1,6,benign,1,9,9,ALLOW,2,0,1,1.0
951010617,10,1,6,benign,1,11,11,ALLOW,2,0,1,1.0
951010618,10,1,6,benign,1,10,10,ALLOW,2,0,1,1.0
951010619,10,1,6,benign,1,12,12,ALLOW,2,0,1,1.0
951010610,10,1,6,random,1,10,13,ALLOW,4,1,2,1.3
951010611,10,1,6,random,1,2,2,ALLOW,2,0,1,1.0
951010612,10,1,6,random,1,9,11,ALLOW,4,2,3,1.2222222222222223
951010613,10,1,6,random,1,9,9,ALLOW,2,0,1,1.0
951010614,10,1,6,random,1,3,3,ALLOW,2,0,1,1.0
951010615,10,1,6,random,1,6,6,ALLOW,2,0,1,1.0
951010616,10,1,6,random,1,9,9,ALLOW,2,0,1,1.0
951010617,10,1,6,random,0,,11,STEP_UP,2,2,3,
951010618,10,1,6,random,1,10,10,ALLOW,2,0,1,1.0
951010619,10,1,6,random,1,12,12,ALLOW,2,0,1,1.0
951010620,10,1,6,random,1,11,20,ALLOW,4,2,3,1.8181818181818181
951010621,10,1,6,random,1,5,5,ALLOW,2,0,1,1.0
951010622,10,1,6,random,1,4,4,ALLOW,2,0,1,1.0
951010623,10,1,6,random,1,7,7,ALLOW,2,0,1,1.0
951010624,10,1,6,random,1,13,21,ALLOW,4,2,3,1.6153846153846154
951010625,10,1,6,random,1,2,2,ALLOW,2,0,1,1.0
951010626,10,1,6,random,1,9,9,ALLOW,2,0,1,1.0
951010627,10,1,6,random,1,7,9,ALLOW,3,1,2,1.2857142857142858
951010628,10,1,6,random,1,9,9,ALLOW,2,0,1,1.0
951010629,10,1,6,random,1,7,7,ALLOW,2,0,1,1.0
951010620,10,1,6,adversarial,1,16,28,ALLOW,5,3,4,1.75
951010621,10,1,6,adversarial,1,10,19,ALLOW,5,3,4,1.9
951010622,10,1,6,adversarial,1,12,18,ALLOW,5,3,4,1.5
951010623,10,1,6,adversarial,1,15,20,ALLOW,4,2,3,1.3333333333333333
951010624,10,1,6,adversarial,0,,21,STEP_UP,4,3,4,
951010625,10,1,6,adversarial,1,10,13,ALLOW,5,3,4,1.3
951010626,10,1,6,adversarial,1,12,24,ALLOW,5,3,4,2.0
951010627,10,1,6,adversarial,1,15,24,ALLOW,5,3,4,1.6
951010628,10,1,6,adversarial,1,15,27,ALLOW,5,3,4,1.8
951010629,10,1,6,adversarial,1,12,25,ALLOW,5,3,4,2.0833333333333335
951010630,10,1,6,adversarial,1,18,40,ALLOW,6,3,4,2.2222222222222223
951010631,10,1,6,adversarial,1,13,22,ALLOW,5,3,4,1.6923076923076923
951010632,10,1,6,adversarial,1,14,18,ALLOW,5,3,4,1.2857142857142858
951010633,10,1,6,adversarial,1,14,25,ALLOW,5,3,4,1.7857142857142858
951010634,10,1,6,adversarial,1,9,17,ALLOW,5,3,4,1.8888888888888888
951010635,10,1,6,adversarial,1,16,25,ALLOW,5,3,4,1.5625
951010636,10,1,6,adversarial,1,14,28,ALLOW,5,3,4,2.0
951010637,10,1,6,adversarial,1,6,11,ALLOW,5,3,4,1.8333333333333333
951010638,10,1,6,adversarial,1,13,24,ALLOW,5,3,4,1.8461538461538463
951010639,10,1,6,adversarial,1,14,18,ALLOW,5,3,4,1.2857142857142858
951010900,10,1,9,benign,1,3,3,ALLOW,2,0,1,1.0
951010901,10,1,9,benign,1,7,7,ALLOW,2,0,1,1.0
951010902,10,1,9,benign,1,2,2,ALLOW,2,0,1,1.0
951010903,10,1,9,benign,1,3,3,ALLOW,2,0,1,1.0
951010904,10,1,9,benign,1,5,5,ALLOW,2,0,1,1.0
951010905,10,1,9,benign,1,7,7,ALLOW,2,0,1,1.0
951010906,10,1,9,benign,1,7,7,ALLOW,2,0,1,1.0
951010907,10,1,9,benign,1,4,4,ALLOW,2,0,1,1.0
951010908,10,1,9,benign,1,6,6,ALLOW,2,0,1,1.0
951010909,10,1,9,benign,1,5,5,ALLOW,2,0,1,1.0
951010910,10,1,9,benign,1,7,7,ALLOW,2,0,1,1.0
951010911,10,1,9,benign,1,8,8,ALLOW,2,0,1,1.0
951010912,10,1,9,benign,1,2,2,ALLOW,2,0,1,1.0
951010913,10,1,9,benign,1,4,4,ALLOW,2,0,1,1.0
951010914,10,1,9,benign,1,6,6,ALLOW,2,0,1,1.0
951010915,10,1,9,benign,1,6,6,ALLOW,2,0,1,1.0
951010916,10,1,9,benign,1,7,7,ALLOW,2,0,1,1.0
951010917,10,1,9,benign,1,2,2,ALLOW,2,0,1,1.0
951010918,10,1,9,benign,1,2,2,ALLOW,2,0,1,1.0
951010919,10,1,9,benign,1,10,10,ALLOW,2,0,1,1.0
951010910,10,1,9,random,1,11,12,ALLOW,3,1,2,1.0909090909090908
951010911,10,1,9,random,1,10,18,ALLOW,4,2,3,1.8
951010912,10,1,9,random,1,7,13,ALLOW,4,2,3,1.8571428571428572
951010913,10,1,9,random,1,4,4,ALLOW,2,0,1,1.0
951010914,10,1,9,random,1,7,11,ALLOW,3,1,2,1.5714285714285714
951010915,10,1,9,random,1,6,6,ALLOW,2,0,1,1.0
951010916,10,1,9,random,1,8,13,ALLOW,3,1,2,1.625
951010917,10,1,9,random,1,2,2,ALLOW,2,0,1,1.0
951010918,10,1,9,random,1,2,2,ALLOW,2,0,1,1.0
951010919,10,1,9,random,1,10,10,ALLOW,2,0,1,1.0
951010920,10,1,9,random,1,2,2,ALLOW,2,0,1,1.0
951010921,10,1,9,random,1,3,3,ALLOW,2,0,1,1.0
951010922,10,1,9,random,1,5,5,ALLOW,2,0,1,1.0
951010923,10,1,9,random,1,4,7,ALLOW,3,1,2,1.75
951010924,10,1,9,random,1,3,3,ALLOW,2,0,1,1.0
951010925,10,1,9,random,1,4,6,ALLOW,3,1,2,1.5
951010926,10,1,9,random,1,4,4,ALLOW,2,0,1,1.0
951010927,10,1,9,random,1,5,5,ALLOW,2,0,1,1.0
951010928,10,1,9,random,1,3,3,ALLOW,2,0,1,1.0
951010929,10,1,9,random,1,3,3,ALLOW,2,0,1,1.0
951010920,10,1,9,adversarial,1,14,28,ALLOW,7,5,6,2.0
951010921,10,1,9,adversarial,1,14,28,ALLOW,7,5,6,2.0
951010922,10,1,9,adversarial,1,17,47,ALLOW,8,5,6,2.764705882352941
951010923,10,1,9,adversarial,1,11,24,ALLOW,7,5,6,2.1818181818181817
951010924,10,1,9,adversarial,1,13,29,ALLOW,7,5,6,2.230769230769231
951010925,10,1,9,adversarial,1,12,23,ALLOW,6,4,5,1.9166666666666667
951010926,10,1,9,adversarial,1,13,29,ALLOW,7,5,6,2.230769230769231
951010927,10,1,9,adversarial,1,13,33,ALLOW,7,5,6,2.5384615384615383
951010928,10,1,9,adversarial,1,12,23,ALLOW,7,5,6,1.9166666666666667
951010929,10,1,9,adversarial,1,12,22,ALLOW,8,5,6,1.8333333333333333
951010930,10,1,9,adversarial,1,14,28,ALLOW,5,3,4,2.0
951010931,10,1,9,adversarial,1,11,16,ALLOW,7,5,6,1.4545454545454546
951010932,10,1,9,adversarial,1,15,41,ALLOW,7,5,6,2.7333333333333334
951010933,10,1,9,adversarial,1,13,42,ALLOW,7,5,6,3.230769230769231
951010934,10,1,9,adversarial,1,13,26,ALLOW,7,5,6,2.0
951010935,10,1,9,adversarial,1,16,29,ALLOW,6,4,5,1.8125
951010936,10,1,9,adversarial,1,14,30,ALLOW,7,5,6,2.142857142857143
951010937,10,1,9,adversarial,1,11,23,ALLOW,7,5,6,2.090909090909091
951010938,10,1,9,adversarial,1,12,28,ALLOW,7,5,6,2.3333333333333335
951010939,10,1,9,adversarial,1,10,19,ALLOW,6,4,5,1.9
951011200,10,1,12,benign,1,2,2,ALLOW,2,0,1,1.0
951011201,10,1,12,benign,1,3,3,ALLOW,2,0,1,1.0
951011202,10,1,12,benign,1,4,4,ALLOW,2,0,1,1.0
951011203,10,1,12,benign,1,3,3,ALLOW,2,0,1,1.0
951011204,10,1,12,benign,1,3,3,ALLOW,2,0,1,1.0
951011205,10,1,12,benign,1,2,2,ALLOW,2,0,1,1.0
951011206,10,1,12,benign,1,6,6,ALLOW,2,0,1,1.0
951011207,10,1,12,benign,1,4,4,ALLOW,2,0,1,1.0
951011208,10,1,12,benign,1,3,3,ALLOW,2,0,1,1.0
951011209,10,1,12,benign,1,3,3,ALLOW,2,0,1,1.0
951011210,10,1,12,benign,1,4,4,ALLOW,2,0,1,1.0
951011211,10,1,12,benign,1,5,5,ALLOW,2,0,1,1.0
951011212,10,1,12,benign,1,4,4,ALLOW,2,0,1,1.0
951011213,10,1,12,benign,1,2,2,ALLOW,2,0,1,1.0
951011214,10,1,12,benign,1,5,5,ALLOW,2,0,1,1.0
951011215,10,1,12,benign,1,2,2,ALLOW,2,0,1,1.0
951011216,10,1,12,benign,1,4,4,ALLOW,2,0,1,1.0
951011217,10,1,12,benign,1,5,5,ALLOW,2,0,1,1.0
951011218,10,1,12,benign,1,5,5,ALLOW,3,0,1,1.0
951011219,10,1,12,benign,1,4,4,ALLOW,2,0,1,1.0
951011210,10,1,12,random,1,4,4,ALLOW,2,0,1,1.0
951011211,10,1,12,random,1,5,5,ALLOW,2,0,1,1.0
951011212,10,1,12,random,1,4,4,ALLOW,2,0,1,1.0
951011213,10,1,12,random,1,3,4,ALLOW,3,1,2,1.3333333333333333
951011214,10,1,12,random,1,9,18,ALLOW,5,3,4,2.0
951011215,10,1,12,random,1,4,5,ALLOW,3,1,2,1.25
951011216,10,1,12,random,1,4,6,ALLOW,3,1,2,1.5
951011217,10,1,12,random,1,7,9,ALLOW,3,1,2,1.2857142857142858
951011218,10,1,12,random,1,5,8,ALLOW,3,1,2,1.6
951011219,10,1,12,random,1,5,7,ALLOW,3,1,2,1.4
951011220,10,1,12,random,1,2,2,ALLOW,2,0,1,1.0
951011221,10,1,12,random,1,4,4,ALLOW,2,0,1,1.0
951011222,10,1,12,random,1,3,3,ALLOW,2,0,1,1.0
951011223,10,1,12,random,1,4,4,ALLOW,2,0,1,1.0
951011224,10,1,12,random,1,4,4,ALLOW,2,0,1,1.0
951011225,10,1,12,random,1,3,3,ALLOW,2,0,1,1.0
951011226,10,1,12,random,1,6,6,ALLOW,2,0,1,1.0
951011227,10,1,12,random,1,3,4,ALLOW,3,1,2,1.3333333333333333
951011228,10,1,12,random,1,3,4,ALLOW,3,1,2,1.3333333333333333
951011229,10,1,12,random,1,4,6,ALLOW,3,1,2,1.5
951011220,10,1,12,adversarial,1,13,25,ALLOW,9,7,8,1.9230769230769231
951011221,10,1,12,adversarial,1,9,22,ALLOW,7,5,6,2.4444444444444446
951011222,10,1,12,adversarial,1,13,32,ALLOW,9,7,8,2.4615384615384617
951011223,10,1,12,adversarial,1,9,28,ALLOW,8,6,7,3.111111111111111
951011224,10,1,12,adversarial,1,14,34,ALLOW,8,6,7,2.4285714285714284
951011225,10,1,12,adversarial,1,9,25,ALLOW,9,7,8,2.7777777777777777
951011226,10,1,12,adversarial,1,14,44,ALLOW,9,7,8,3.142857142857143
951011227,10,1,12,adversarial,1,12,30,ALLOW,9,7,8,2.5
951011228,10,1,12,adversarial,1,11,31,ALLOW,9,7,8,2.8181818181818183
951011229,10,1,12,adversarial,1,14,39,ALLOW,9,7,8,2.7857142857142856
951011230,10,1,12,adversarial,1,13,36,ALLOW,9,7,8,2.769230769230769
951011231,10,1,12,adversarial,1,15,38,ALLOW,9,7,8,2.533333333333333
951011232,10,1,12,adversarial,1,14,29,ALLOW,8,6,7,2.0714285714285716
951011233,10,1,12,adversarial,1,16,45,ALLOW,9,7,8,2.8125
951011234,10,1,12,adversarial,1,10,27,ALLOW,8,6,7,2.7
951011235,10,1,12,adversarial,1,13,31,ALLOW,9,7,8,2.3846153846153846
951011236,10,1,12,adversarial,1,12,36,ALLOW,9,7,8,3.0
951011237,10,1,12,adversarial,1,9,25,ALLOW,9,7,8,2.7777777777777777
951011238,10,1,12,adversarial,1,14,45,ALLOW,9,7,8,3.2142857142857144
951011239,10,1,12,adversarial,1,12,36,ALLOW,9,7,8,3.0
951020600,10,2,6,benign,1,24,24,ALLOW,3,0,1,1.0
951020601,10,2,6,benign,1,8,8,ALLOW,3,0,1,1.0
951020602,10,2,6,benign,1,7,7,ALLOW,3,0,1,1.0
951020603,10,2,6,benign,1,16,16,ALLOW,3,0,1,1.0
951020604,10,2,6,benign,1,8,8,ALLOW,3,0,1,1.0
951020605,10,2,6,benign,1,12,12,ALLOW,3,0,1,1.0
951020606,10,2,6,benign,1,10,10,ALLOW,3,0,1,1.0
951020607,10,2,6,benign,1,10,10,ALLOW,3,0,1,1.0
951020608,10,2,6,benign,1,8,8,ALLOW,3,0,1,1.0
951020609,10,2,6,benign,1,9,9,ALLOW,3,0,1,1.0
951020610,10,2,6,benign,1,10,10,ALLOW,3,0,1,1.0
951020611,10,2,6,benign,1,25,25,ALLOW,4,0,1,1.0
951020612,10,2,6,benign,1,17,17,ALLOW,3,0,1,1.0
951020613,10,2,6,benign,1,9,9,ALLOW,3,0,1,1.0
951020614,10,2,6,benign,1,17,17,ALLOW,3,0,1,1.0
951020615,10,2,6,benign,1,15,15,ALLOW,3,0,1,1.0
951020616,10,2,6,benign,1,12,12,ALLOW,3,0,1,1.0
951020617,10,2,6,benign,1,10,10,ALLOW,3,0,1,1.0
951020618,10,2,6,benign,1,16,16,ALLOW,3,0,1,1.0
951020619,10,2,6,benign,1,14,14,ALLOW,3,0,1,1.0
951020610,10,2,6,random,1,10,10,ALLOW,3,0,1,1.0
951020611,10,2,6,random,0,,10,STEP_UP,2,1,2,
951020612,10,2,6,random,1,17,17,ALLOW,3,0,1,1.0
951020613,10,2,6,random,1,9,9,ALLOW,3,0,1,1.0
951020614,10,2,6,random,0,,26,STEP_UP,5,3,4,
951020615,10,2,6,random,0,,15,STEP_UP,3,2,3,
951020616,10,2,6,random,1,18,19,ALLOW,4,1,2,1.0555555555555556
951020617,10,2,6,random,1,11,12,ALLOW,4,1,2,1.0909090909090908
951020618,10,2,6,random,0,,9,STEP_UP,2,1,2,
951020619,10,2,6,random,0,,7,STEP_UP,2,1,2,
951020620,10,2,6,random,1,14,14,ALLOW,3,0,1,1.0
951020621,10,2,6,random,1,11,11,ALLOW,3,0,1,1.0
951020622,10,2,6,random,0,,24,STEP_UP,4,2,3,
951020623,10,2,6,random,1,10,10,ALLOW,3,0,1,1.0
951020624,10,2,6,random,1,11,11,ALLOW,3,0,1,1.0
951020625,10,2,6,random,0,,0,STEP_UP,0,0,1,
951020626,10,2,6,random,0,,28,STEP_UP,6,3,4,
951020627,10,2,6,random,0,,21,STEP_UP,4,3,4,
951020628,10,2,6,random,0,,4,STEP_UP,1,1,2,
951020629,10,2,6,random,0,,19,STEP_UP,3,1,2,
951020620,10,2,6,adversarial,0,,4,STEP_UP,1,1,2,
951020621,10,2,6,adversarial,0,,9,STEP_UP,3,2,3,
951020622,10,2,6,adversarial,0,,36,STEP_UP,6,3,4,
951020623,10,2,6,adversarial,0,,22,STEP_UP,5,3,4,
951020624,10,2,6,adversarial,0,,12,STEP_UP,3,2,3,
951020625,10,2,6,adversarial,0,,0,STEP_UP,0,0,1,
951020626,10,2,6,adversarial,1,18,24,ALLOW,5,2,3,1.3333333333333333
951020627,10,2,6,adversarial,0,,16,STEP_UP,4,3,4,
951020628,10,2,6,adversarial,0,,4,STEP_UP,1,1,2,
951020629,10,2,6,adversarial,1,19,29,ALLOW,5,2,3,1.5263157894736843
951020630,10,2,6,adversarial,0,,9,STEP_UP,3,2,3,
951020631,10,2,6,adversarial,1,21,31,ALLOW,6,3,4,1.4761904761904763
951020632,10,2,6,adversarial,0,,13,STEP_UP,4,3,4,
951020633,10,2,6,adversarial,1,18,25,ALLOW,6,3,4,1.3888888888888888
951020634,10,2,6,adversarial,1,26,36,ALLOW,5,2,3,1.3846153846153846
951020635,10,2,6,adversarial,1,23,26,ALLOW,5,2,3,1.1304347826086956
951020636,10,2,6,adversarial,0,,0,STEP_UP,0,0,1,
951020637,10,2,6,adversarial,0,,12,STEP_UP,4,3,4,
951020638,10,2,6,adversarial,0,,26,STEP_UP,4,2,3,
951020639,10,2,6,adversarial,1,21,35,ALLOW,6,3,4,1.6666666666666667
951020900,10,2,9,benign,1,11,11,ALLOW,3,0,1,1.0
951020901,10,2,9,benign,1,9,9,ALLOW,3,0,1,1.0
951020902,10,2,9,benign,1,7,7,ALLOW,3,0,1,1.0
951020903,10,2,9,benign,1,6,6,ALLOW,3,0,1,1.0
951020904,10,2,9,benign,1,11,11,ALLOW,3,0,1,1.0
951020905,10,2,9,benign,1,8,8,ALLOW,3,0,1,1.0
951020906,10,2,9,benign,1,15,15,ALLOW,3,0,1,1.0
951020907,10,2,9,benign,1,6,6,ALLOW,3,0,1,1.0
951020908,10,2,9,benign,1,6,6,ALLOW,3,0,1,1.0
951020909,10,2,9,benign,1,9,9,ALLOW,3,0,1,1.0
951020910,10,2,9,benign,1,16,16,ALLOW,3,0,1,1.0
951020911,10,2,9,benign,1,13,13,ALLOW,3,0,1,1.0
951020912,10,2,9,benign,1,5,5,ALLOW,3,0,1,1.0
951020913,10,2,9,benign,1,7,7,ALLOW,3,0,1,1.0
951020914,10,2,9,benign,1,5,5,ALLOW,3,0,1,1.0
951020915,10,2,9,benign,1,9,9,ALLOW,3,0,1,1.0
951020916,10,2,9,benign,1,4,4,ALLOW,3,0,1,1.0
951020917,10,2,9,benign,1,9,9,ALLOW,3,0,1,1.0
951020918,10,2,9,benign,1,12,12,ALLOW,3,0,1,1.0
951020919,10,2,9,benign,1,10,10,ALLOW,3,0,1,1.0
951020910,10,2,9,random,1,18,28,ALLOW,5,2,3,1.5555555555555556
951020911,10,2,9,random,1,13,13,ALLOW,3,0,1,1.0
951020912,10,2,9,random,1,5,5,ALLOW,3,0,1,1.0
951020913,10,2,9,random,1,7,7,ALLOW,3,0,1,1.0
951020914,10,2,9,random,1,6,7,ALLOW,4,1,2,1.1666666666666667
951020915,10,2,9,random,1,12,15,ALLOW,4,1,2,1.25
951020916,10,2,9,random,0,,7,STEP_UP,4,2,3,
951020917,10,2,9,random,0,,18,STEP_UP,4,3,4,
951020918,10,2,9,random,1,12,12,ALLOW,3,0,1,1.0
951020919,10,2,9,random,1,20,30,ALLOW,6,2,3,1.5
951020920,10,2,9,random,1,18,27,ALLOW,5,2,3,1.5
951020921,10,2,9,random,1,13,13,ALLOW,3,0,1,1.0
951020922,10,2,9,random,1,10,12,ALLOW,4,1,2,1.2
951020923,10,2,9,random,0,,5,STEP_UP,2,2,3,
951020924,10,2,9,random,1,14,14,ALLOW,3,0,1,1.0
951020925,10,2,9,random,1,10,10,ALLOW,3,0,1,1.0
951020926,10,2,9,random,0,,14,STEP_UP,5,3,4,
951020927,10,2,9,random,1,8,8,ALLOW,3,0,1,1.0
951020928,10,2,9,random,1,11,11,ALLOW,3,0,1,1.0
951020929,10,2,9,random,1,7,7,ALLOW,3,0,1,1.0
951020920,10,2,9,adversarial,1,25,43,ALLOW,7,4,5,1.72
951020921,10,2,9,adversarial,0,,27,STEP_UP,5,4,5,
951020922,10,2,9,adversarial,0,,23,STEP_UP,6,5,6,
951020923,10,2,9,adversarial,0,,5,STEP_UP,2,2,3,
951020924,10,2,9,adversarial,1,26,47,ALLOW,7,4,5,1.8076923076923077
951020925,10,2,9,adversarial,0,,24,STEP_UP,5,3,4,
951020926,10,2,9,adversarial,0,,6,STEP_UP,2,2,3,
951020927,10,2,9,adversarial,0,,33,STEP_UP,7,5,6,
951020928,10,2,9,adversarial,0,,33,STEP_UP,7,5,6,
951020929,10,2,9,adversarial,0,,20,STEP_UP,5,4,5,
951020930,10,2,9,adversarial,1,23,45,ALLOW,8,5,6,1.9565217391304348
951020931,10,2,9,adversarial,1,20,33,ALLOW,7,4,5,1.65
951020932,10,2,9,adversarial,1,19,28,ALLOW,7,4,5,1.4736842105263157
951020933,10,2,9,adversarial,1,26,41,ALLOW,8,5,6,1.5769230769230769
951020934,10,2,9,adversarial,0,,29,STEP_UP,6,4,5,
951020935,10,2,9,adversarial,0,,22,STEP_UP,6,4,5,
951020936,10,2,9,adversarial,0,,28,STEP_UP,7,5,6,
951020937,10,2,9,adversarial,0,,7,STEP_UP,2,2,3,
951020938,10,2,9,adversarial,1,21,46,ALLOW,9,5,6,2.1904761904761907
951020939,10,2,9,adversarial,1,19,37,ALLOW,8,5,6,1.9473684210526316
951021200,10,2,12,benign,1,14,14,ALLOW,3,0,1,1.0
951021201,10,2,12,benign,1,8,8,ALLOW,3,0,1,1.0
951021202,10,2,12,benign,1,4,4,ALLOW,3,0,1,1.0
951021203,10,2,12,benign,1,8,8,ALLOW,3,0,1,1.0
951021204,10,2,12,benign,1,11,11,ALLOW,3,0,1,1.0
951021205,10,2,12,benign,1,10,10,ALLOW,3,0,1,1.0
951021206,10,2,12,benign,1,9,9,ALLOW,3,0,1,1.0
951021207,10,2,12,benign,1,6,6,ALLOW,3,0,1,1.0
951021208,10,2,12,benign,1,12,12,ALLOW,3,0,1,1.0
951021209,10,2,12,benign,1,8,8,ALLOW,3,0,1,1.0
951021210,10,2,12,benign,1,9,9,ALLOW,3,0,1,1.0
951021211,10,2,12,benign,1,11,11,ALLOW,3,0,1,1.0
951021212,10,2,12,benign,1,9,9,ALLOW,3,0,1,1.0
951021213,10,2,12,benign,1,8,8,ALLOW,3,0,1,1.0
951021214,10,2,12,benign,1,4,4,ALLOW,3,0,1,1.0
951021215,10,2,12,benign,1,8,8,ALLOW,3,0,1,1.0
951021216,10,2,12,benign,1,6,6,ALLOW,3,0,1,1.0
951021217,10,2,12,benign,1,11,11,ALLOW,3,0,1,1.0
951021218,10,2,12,benign,1,12,12,ALLOW,3,0,1,1.0
951021219,10,2,12,benign,1,7,7,ALLOW,3,0,1,1.0
951021210,10,2,12,random,1,10,12,ALLOW,4,1,2,1.2
951021211,10,2,12,random,1,12,16,ALLOW,4,1,2,1.3333333333333333
951021212,10,2,12,random,1,10,14,ALLOW,4,1,2,1.4
951021213,10,2,12,random,1,10,12,ALLOW,4,1,2,1.2
951021214,10,2,12,random,1,5,6,ALLOW,4,1,2,1.2
951021215,10,2,12,random,1,8,8,ALLOW,3,0,1,1.0
951021216,10,2,12,random,1,6,6,ALLOW,3,0,1,1.0
951021217,10,2,12,random,1,13,28,ALLOW,7,4,5,2.1538461538461537
951021218,10,2,12,random,1,14,20,ALLOW,4,1,2,1.4285714285714286
951021219,10,2,12,random,1,7,7,ALLOW,3,0,1,1.0
951021220,10,2,12,random,1,12,18,ALLOW,4,1,2,1.5
951021221,10,2,12,random,1,12,20,ALLOW,5,2,3,1.6666666666666667
951021222,10,2,12,random,1,6,6,ALLOW,3,0,1,1.0
951021223,10,2,12,random,1,11,14,ALLOW,4,1,2,1.2727272727272727
951021224,10,2,12,random,1,8,8,ALLOW,3,0,1,1.0
951021225,10,2,12,random,1,11,18,ALLOW,5,2,3,1.6363636363636365
951021226,10,2,12,random,1,9,15,ALLOW,5,2,3,1.6666666666666667
951021227,10,2,12,random,1,8,8,ALLOW,3,0,1,1.0
951021228,10,2,12,random,1,19,44,ALLOW,9,4,5,2.3157894736842106
951021229,10,2,12,random,1,3,3,ALLOW,3,0,1,1.0
951021220,10,2,12,adversarial,1,24,49,ALLOW,9,5,6,2.0416666666666665
951021221,10,2,12,adversarial,1,20,44,ALLOW,10,7,8,2.2
951021222,10,2,12,adversarial,1,24,49,ALLOW,10,7,8,2.0416666666666665
951021223,10,2,12,adversarial,1,23,50,ALLOW,10,7,8,2.1739130434782608
951021224,10,2,12,adversarial,1,21,38,ALLOW,9,6,7,1.8095238095238095
951021225,10,2,12,adversarial,1,22,36,ALLOW,7,4,5,1.6363636363636365
951021226,10,2,12,adversarial,0,,21,STEP_UP,6,5,6,
951021227,10,2,12,adversarial,1,15,30,ALLOW,8,5,6,2.0
951021228,10,2,12,adversarial,0,,32,STEP_UP,7,5,6,
951021229,10,2,12,adversarial,1,19,29,ALLOW,9,6,7,1.5263157894736843
951021230,10,2,12,adversarial,1,21,34,ALLOW,9,6,7,1.619047619047619
951021231,10,2,12,adversarial,1,19,41,ALLOW,9,6,7,2.1578947368421053
951021232,10,2,12,adversarial,1,22,44,ALLOW,10,7,8,2.0
951021233,10,2,12,adversarial,1,21,34,ALLOW,8,5,6,1.619047619047619
951021234,10,2,12,adversarial,1,22,41,ALLOW,9,6,7,1.8636363636363635
951021235,10,2,12,adversarial,1,19,38,ALLOW,9,6,7,2.0
951021236,10,2,12,adversarial,1,23,49,ALLOW,10,7,8,2.130434782608696
951021237,10,2,12,adversarial,1,18,28,ALLOW,8,5,6,1.5555555555555556
951021238,10,2,12,adversarial,0,,35,STEP_UP,6,4,5,
951021239,10,2,12,adversarial,1,25,38,ALLOW,8,5,6,1.52
951510600,15,1,6,benign,1,6,6,ALLOW,2,0,1,1.0
951510601,15,1,6,benign,1,5,5,ALLOW,2,0,1,1.0
951510602,15,1,6,benign,1,8,8,ALLOW,2,0,1,1.0
951510603,15,1,6,benign,1,4,4,ALLOW,2,0,1,1.0
951510604,15,1,6,benign,1,2,2,ALLOW,2,0,1,1.0
951510605,15,1,6,benign,1,2,2,ALLOW,2,0,1,1.0
951510606,15,1,6,benign,1,3,3,ALLOW,2,0,1,1.0
951510607,15,1,6,benign,1,2,2,ALLOW,2,0,1,1.0
951510608,15,1,6,benign,1,4,4,ALLOW,2,0,1,1.0
951510609,15,1,6,benign,1,10,10,ALLOW,2,0,1,1.0
951510610,15,1,6,benign,1,3,3,ALLOW,2,0,1,1.0
951510611,15,1,6,benign,1,2,2,ALLOW,2,0,1,1.0
951510612,15,1,6,benign,1,2,2,ALLOW,2,0,1,1.0
951510613,15,1,6,benign,1,2,2,ALLOW,2,0,1,1.0
951510614,15,1,6,benign,1,3,3,ALLOW,2,0,1,1.0
951510615,15,1,6,benign,1,11,11,ALLOW,2,0,1,1.0
951510616,15,1,6,benign,1,2,2,ALLOW,2,0,1,1.0
951510617,15,1,6,benign,1,4,4,ALLOW,2,0,1,1.0
951510618,15,1,6,benign,1,4,4,ALLOW,2,0,1,1.0
951510619,15,1,6,benign,1,2,2,ALLOW,2,0,1,1.0
951510610,15,1,6,random,1,6,10,ALLOW,4,2,3,1.6666666666666667
951510611,15,1,6,random,1,2,2,ALLOW,2,0,1,1.0
951510612,15,1,6,random,1,2,2,ALLOW,2,0,1,1.0
951510613,15,1,6,random,1,2,2,ALLOW,2,0,1,1.0
951510614,15,1,6,random,1,3,3,ALLOW,2,0,1,1.0
951510615,15,1,6,random,1,11,11,ALLOW,2,0,1,1.0
951510616,15,1,6,random,1,4,7,ALLOW,4,2,3,1.75
951510617,15,1,6,random,1,4,4,ALLOW,2,0,1,1.0
951510618,15,1,6,random,1,4,4,ALLOW,2,0,1,1.0
951510619,15,1,6,random,1,8,15,ALLOW,5,3,4,1.875
951510620,15,1,6,random,1,5,5,ALLOW,2,0,1,1.0
951510621,15,1,6,random,1,17,22,ALLOW,4,2,3,1.2941176470588236
951510622,15,1,6,random,1,3,3,ALLOW,2,0,1,1.0
951510623,15,1,6,random,1,15,34,ALLOW,5,2,3,2.2666666666666666
951510624,15,1,6,random,1,12,17,ALLOW,3,1,2,1.4166666666666667
951510625,15,1,6,random,1,2,2,ALLOW,2,0,1,1.0
951510626,15,1,6,random,1,8,8,ALLOW,2,0,1,1.0
951510627,15,1,6,random,1,7,12,ALLOW,4,2,3,1.7142857142857142
951510628,15,1,6,random,1,9,12,ALLOW,3,1,2,1.3333333333333333
951510629,15,1,6,random,1,9,9,ALLOW,2,0,1,1.0
951510620,15,1,6,adversarial,1,15,26,ALLOW,5,3,4,1.7333333333333334
951510621,15,1,6,adversarial,1,17,30,ALLOW,5,3,4,1.7647058823529411
951510622,15,1,6,adversarial,1,13,18,ALLOW,5,3,4,1.3846153846153846
951510623,15,1,6,adversarial,1,16,34,ALLOW,5,3,4,2.125
951510624,15,1,6,adversarial,0,,23,STEP_UP,4,3,4,
951510625,15,1,6,adversarial,1,11,15,ALLOW,5,3,4,1.3636363636363635
951510626,15,1,6,adversarial,1,10,23,ALLOW,5,3,4,2.3
951510627,15,1,6,adversarial,1,14,21,ALLOW,5,3,4,1.5
951510628,15,1,6,adversarial,1,14,26,ALLOW,5,3,4,1.8571428571428572
951510629,15,1,6,adversarial,1,14,26,ALLOW,5,3,4,1.8571428571428572
951510630,15,1,6,adversarial,0,,18,STEP_UP,4,3,4,
951510631,15,1,6,adversarial,1,10,17,ALLOW,5,3,4,1.7
951510632,15,1,6,adversarial,1,15,27,ALLOW,5,3,4,1.8
951510633,15,1,6,adversarial,1,16,22,ALLOW,5,3,4,1.375
951510634,15,1,6,adversarial,1,16,22,ALLOW,5,3,4,1.375
951510635,15,1,6,adversarial,1,15,22,ALLOW,5,3,4,1.4666666666666666
951510636,15,1,6,adversarial,1,6,10,ALLOW,5,3,4,1.6666666666666667
951510637,15,1,6,adversarial,1,17,24,ALLOW,5,3,4,1.411764705882353
951510638,15,1,6,adversarial,1,10,18,ALLOW,5,3,4,1.8
951510639,15,1,6,adversarial,1,11,18,ALLOW,5,3,4,1.6363636363636365
951510900,15,1,9,benign,1,4,4,ALLOW,2,0,1,1.0
951510901,15,1,9,benign,1,5,5,ALLOW,2,0,1,1.0
951510902,15,1,9,benign,1,5,5,ALLOW,2,0,1,1.0
951510903,15,1,9,benign,1,2,2,ALLOW,2,0,1,1.0
951510904,15,1,9,benign,1,2,2,ALLOW,2,0,1,1.0
951510905,15,1,9,benign,1,4,4,ALLOW,2,0,1,1.0
951510906,15,1,9,benign,1,3,3,ALLOW,2,0,1,1.0
951510907,15,1,9,benign,1,2,2,ALLOW,2,0,1,1.0
951510908,15,1,9,benign,1,2,2,ALLOW,2,0,1,1.0
951510909,15,1,9,benign,1,4,4,ALLOW,2,0,1,1.0
951510910,15,1,9,benign,1,4,4,ALLOW,2,0,1,1.0
951510911,15,1,9,benign,1,2,2,ALLOW,2,0,1,1.0
951510912,15,1,9,benign,1,7,7,ALLOW,3,0,1,1.0
951510913,15,1,9,benign,1,4,4,ALLOW,2,0,1,1.0
951510914,15,1,9,benign,1,4,4,ALLOW,2,0,1,1.0
951510915,15,1,9,benign,1,4,4,ALLOW,2,0,1,1.0
951510916,15,1,9,benign,1,8,8,ALLOW,2,0,1,1.0
951510917,15,1,9,benign,1,3,3,ALLOW,2,0,1,1.0
951510918,15,1,9,benign,1,5,5,ALLOW,2,0,1,1.0
951510919,15,1,9,benign,1,3,3,ALLOW,2,0,1,1.0
951510910,15,1,9,random,1,4,4,ALLOW,2,0,1,1.0
951510911,15,1,9,random,1,2,2,ALLOW,2,0,1,1.0
951510912,15,1,9,random,1,8,11,ALLOW,3,1,2,1.375
951510913,15,1,9,random,1,5,8,ALLOW,3,1,2,1.6
951510914,15,1,9,random,1,5,7,ALLOW,3,1,2,1.4
951510915,15,1,9,random,1,4,4,ALLOW,2,0,1,1.0
951510916,15,1,9,random,1,11,28,ALLOW,5,3,4,2.5454545454545454
951510917,15,1,9,random,1,3,3,ALLOW,2,0,1,1.0
951510918,15,1,9,random,1,9,25,ALLOW,6,4,5,2.7777777777777777
951510919,15,1,9,random,1,3,3,ALLOW,2,0,1,1.0
951510920,15,1,9,random,1,4,4,ALLOW,2,0,1,1.0
951510921,15,1,9,random,1,6,7,ALLOW,3,1,2,1.1666666666666667
951510922,15,1,9,random,1,5,9,ALLOW,3,1,2,1.8
951510923,15,1,9,random,1,4,4,ALLOW,2,0,1,1.0
951510924,15,1,9,random,1,5,7,ALLOW,3,1,2,1.4
951510925,15,1,9,random,1,3,4,ALLOW,3,1,2,1.3333333333333333
951510926,15,1,9,random,1,6,8,ALLOW,3,1,2,1.3333333333333333
951510927,15,1,9,random,1,2,3,ALLOW,3,1,2,1.5
951510928,15,1,9,random,1,6,8,ALLOW,4,2,3,1.3333333333333333
951510929,15,1,9,random,1,7,10,ALLOW,3,1,2,1.4285714285714286
951510920,15,1,9,adversarial,1,10,22,ALLOW,7,5,6,2.2
951510921,15,1,9,adversarial,1,17,34,ALLOW,7,5,6,2.0
951510922,15,1,9,adversarial,1,11,24,ALLOW,7,5,6,2.1818181818181817
951510923,15,1,9,adversarial,1,16,30,ALLOW,6,4,5,1.875
951510924,15,1,9,adversarial,1,14,26,ALLOW,6,4,5,1.8571428571428572
951510925,15,1,9,adversarial,1,12,23,ALLOW,7,5,6,1.9166666666666667
951510926,15,1,9,adversarial,1,10,27,ALLOW,7,5,6,2.7
951510927,15,1,9,adversarial,1,13,24,ALLOW,7,5,6,1.8461538461538463
951510928,15,1,9,adversarial,1,11,21,ALLOW,7,5,6,1.9090909090909092
951510929,15,1,9,adversarial,1,15,34,ALLOW,7,5,6,2.2666666666666666
951510930,15,1,9,adversarial,1,13,34,ALLOW,7,5,6,2.6153846153846154
951510931,15,1,9,adversarial,1,10,25,ALLOW,6,4,5,2.5
951510932,15,1,9,adversarial,1,15,29,ALLOW,6,4,5,1.9333333333333333
951510933,15,1,9,adversarial,1,17,38,ALLOW,8,5,6,2.235294117647059
951510934,15,1,9,adversarial,1,14,31,ALLOW,7,5,6,2.2142857142857144
951510935,15,1,9,adversarial,1,10,22,ALLOW,7,5,6,2.2
951510936,15,1,9,adversarial,1,11,23,ALLOW,6,4,5,2.090909090909091
951510937,15,1,9,adversarial,1,15,35,ALLOW,7,5,6,2.3333333333333335
951510938,15,1,9,adversarial,1,11,29,ALLOW,7,5,6,2.6363636363636362
951510939,15,1,9,adversarial,1,17,36,ALLOW,7,5,6,2.1176470588235294
951511200,15,1,12,benign,1,2,2,ALLOW,2,0,1,1.0
951511201,15,1,12,benign,1,3,3,ALLOW,2,0,1,1.0
951511202,15,1,12,benign,1,4,4,ALLOW,2,0,1,1.0
951511203,15,1,12,benign,1,2,2,ALLOW,2,0,1,1.0
951511204,15,1,12,benign,1,2,2,ALLOW,2,0,1,1.0
951511205,15,1,12,benign,1,3,3,ALLOW,2,0,1,1.0
951511206,15,1,12,benign,1,5,5,ALLOW,2,0,1,1.0
951511207,15,1,12,benign,1,2,2,ALLOW,2,0,1,1.0
951511208,15,1,12,benign,1,5,5,ALLOW,2,0,1,1.0
951511209,15,1,12,benign,1,6,6,ALLOW,2,0,1,1.0
951511210,15,1,12,benign,1,3,3,ALLOW,2,0,1,1.0
951511211,15,1,12,benign,1,2,2,ALLOW,2,0,1,1.0
951511212,15,1,12,benign,1,8,8,ALLOW,2,0,1,1.0
951511213,15,1,12,benign,1,6,6,ALLOW,2,0,1,1.0
951511214,15,1,12,benign,1,3,3,ALLOW,2,0,1,1.0
951511215,15,1,12,benign,1,4,4,ALLOW,2,0,1,1.0
951511216,15,1,12,benign,1,6,6,ALLOW,2,0,1,1.0
951511217,15,1,12,benign,1,5,5,ALLOW,2,0,1,1.0
951511218,15,1,12,benign,1,4,4,ALLOW,2,0,1,1.0
951511219,15,1,12,benign,1,5,5,ALLOW,2,0,1,1.0
951511210,15,1,12,random,1,5,15,ALLOW,5,3,4,3.0
951511211,15,1,12,random,1,3,4,ALLOW,3,1,2,1.3333333333333333
951511212,15,1,12,random,1,10,13,ALLOW,3,1,2,1.3
951511213,15,1,12,random,1,6,6,ALLOW,2,0,1,1.0
951511214,15,1,12,random,1,3,3,ALLOW,2,0,1,1.0
951511215,15,1,12,random,1,6,10,ALLOW,4,2,3,1.6666666666666667
951511216,15,1,12,random,1,10,11,ALLOW,3,1,2,1.1
951511217,15,1,12,random,1,6,7,ALLOW,3,1,2,1.1666666666666667
951511218,15,1,12,random,1,4,4,ALLOW,2,0,1,1.0
951511219,15,1,12,random,1,7,11,ALLOW,4,2,3,1.5714285714285714
951511220,15,1,12,random,1,3,3,ALLOW,2,0,1,1.0
951511221,15,1,12,random,1,4,5,ALLOW,3,1,2,1.25
951511222,15,1,12,random,1,5,7,ALLOW,3,1,2,1.4
951511223,15,1,12,random,1,7,7,ALLOW,2,0,1,1.0
951511224,15,1,12,random,1,3,3,ALLOW,2,0,1,1.0
951511225,15,1,12,random,1,7,15,ALLOW,6,4,5,2.142857142857143
951511226,15,1,12,random,1,2,2,ALLOW,2,0,1,1.0
951511227,15,1,12,random,1,2,2,ALLOW,2,0,1,1.0
951511228,15,1,12,random,1,3,3,ALLOW,2,0,1,1.0
951511229,15,1,12,random,1,5,9,ALLOW,4,2,3,1.8
951511220,15,1,12,adversarial,1,14,36,ALLOW,9,7,8,2.5714285714285716
951511221,15,1,12,adversarial,1,12,37,ALLOW,9,7,8,3.0833333333333335
951511222,15,1,12,adversarial,1,15,42,ALLOW,9,7,8,2.8
951511223,15,1,12,adversarial,1,14,44,ALLOW,9,7,8,3.142857142857143
951511224,15,1,12,adversarial,1,15,34,ALLOW,9,7,8,2.2666666666666666
951511225,15,1,12,adversarial,1,8,27,ALLOW,9,7,8,3.375
951511226,15,1,12,adversarial,1,15,33,ALLOW,9,7,8,2.2
951511227,15,1,12,adversarial,1,13,33,ALLOW,9,7,8,2.5384615384615383
951511228,15,1,12,adversarial,1,16,42,ALLOW,9,7,8,2.625
951511229,15,1,12,adversarial,1,11,32,ALLOW,9,7,8,2.909090909090909
951511230,15,1,12,adversarial,1,15,36,ALLOW,9,7,8,2.4
951511231,15,1,12,adversarial,1,14,36,ALLOW,9,7,8,2.5714285714285716
951511232,15,1,12,adversarial,1,14,36,ALLOW,8,6,7,2.5714285714285716
951511233,15,1,12,adversarial,1,12,29,ALLOW,9,7,8,2.4166666666666665
951511234,15,1,12,adversarial,1,11,29,ALLOW,9,7,8,2.6363636363636362
951511235,15,1,12,adversarial,1,12,30,ALLOW,8,6,7,2.5
951511236,15,1,12,adversarial,1,14,31,ALLOW,9,7,8,2.2142857142857144
951511237,15,1,12,adversarial,1,16,47,ALLOW,9,7,8,2.9375
951511238,15,1,12,adversarial,1,14,32,ALLOW,9,7,8,2.2857142857142856
951511239,15,1,12,adversarial,1,12,36,ALLOW,9,7,8,3.0
951520600,15,2,6,benign,1,10,10,ALLOW,3,0,1,1.0
951520601,15,2,6,benign,1,8,8,ALLOW,3,0,1,1.0
951520602,15,2,6,benign,1,7,7,ALLOW,3,0,1,1.0
951520603,15,2,6,benign,1,14,14,ALLOW,3,0,1,1.0
951520604,15,2,6,benign,1,9,9,ALLOW,3,0,1,1.0
951520605,15,2,6,benign,1,5,5,ALLOW,3,0,1,1.0
951520606,15,2,6,benign,1,11,11,ALLOW,3,0,1,1.0
951520607,15,2,6,benign,1,14,14,ALLOW,3,0,1,1.0
951520608,15,2,6,benign,1,21,21,ALLOW,3,0,1,1.0
951520609,15,2,6,benign,1,9,9,ALLOW,3,0,1,1.0
951520610,15,2,6,benign,1,10,10,ALLOW,3,0,1,1.0
951520611,15,2,6,benign,1,13,13,ALLOW,3,0,1,1.0
951520612,15,2,6,benign,1,15,15,ALLOW,3,0,1,1.0
951520613,15,2,6,benign,1,6,6,ALLOW,3,0,1,1.0
951520614,15,2,6,benign,1,16,16,ALLOW,3,0,1,1.0
951520615,15,2,6,benign,1,13,13,ALLOW,3,0,1,1.0
951520616,15,2,6,benign,1,12,12,ALLOW,3,0,1,1.0
951520617,15,2,6,benign,1,15,15,ALLOW,3,0,1,1.0
951520618,15,2,6,benign,1,12,12,ALLOW,3,0,1,1.0
951520619,15,2,6,benign,1,15,15,ALLOW,3,0,1,1.0
951520610,15,2,6,random,1,15,21,ALLOW,5,2,3,1.4
951520611,15,2,6,random,1,14,19,ALLOW,4,1,2,1.3571428571428572
951520612,15,2,6,random,1,18,24,ALLOW,4,1,2,1.3333333333333333
951520613,15,2,6,random,0,,10,STEP_UP,3,3,4,
951520614,15,2,6,random,1,16,16,ALLOW,3,0,1,1.0
951520615,15,2,6,random,1,19,22,ALLOW,4,1,2,1.1578947368421053
951520616,15,2,6,random,1,12,12,ALLOW,3,0,1,1.0
951520617,15,2,6,random,1,15,22,ALLOW,4,1,2,1.4666666666666666
951520618,15,2,6,random,1,12,12,ALLOW,3,0,1,1.0
951520619,15,2,6,random,0,,11,STEP_UP,2,2,3,
951520620,15,2,6,random,1,15,15,ALLOW,3,0,1,1.0
951520621,15,2,6,random,1,8,9,ALLOW,4,1,2,1.125
951520622,15,2,6,random,1,15,17,ALLOW,4,1,2,1.1333333333333333
951520623,15,2,6,random,0,,25,STEP_UP,5,3,4,
951520624,15,2,6,random,0,,0,STEP_UP,0,0,1,
951520625,15,2,6,random,1,14,14,ALLOW,3,0,1,1.0
951520626,15,2,6,random,1,6,7,ALLOW,4,1,2,1.1666666666666667
951520627,15,2,6,random,0,,22,STEP_UP,5,3,4,
951520628,15,2,6,random,0,,27,STEP_UP,4,2,3,
951520629,15,2,6,random,1,12,12,ALLOW,3,0,1,1.0
951520620,15,2,6,adversarial,0,,27,STEP_UP,5,3,4,
951520621,15,2,6,adversarial,0,,12,STEP_UP,5,3,4,
951520622,15,2,6,adversarial,0,,15,STEP_UP,3,2,3,
951520623,15,2,6,adversarial,0,,21,STEP_UP,5,3,4,
951520624,15,2,6,adversarial,0,,0,STEP_UP,0,0,1,
951520625,15,2,6,adversarial,1,19,32,ALLOW,6,3,4,1.6842105263157894
951520626,15,2,6,adversarial,0,,8,STEP_UP,4,3,4,
951520627,15,2,6,adversarial,1,22,27,ALLOW,6,3,4,1.2272727272727273
951520628,15,2,6,adversarial,0,,20,STEP_UP,3,2,3,
951520629,15,2,6,adversarial,0,,28,STEP_UP,5,3,4,
951520630,15,2,6,adversarial,0,,22,STEP_UP,4,3,4,
951520631,15,2,6,adversarial,0,,19,STEP_UP,4,2,3,
951520632,15,2,6,adversarial,1,23,33,ALLOW,6,3,4,1.434782608695652
951520633,15,2,6,adversarial,1,18,26,ALLOW,6,3,4,1.4444444444444444
951520634,15,2,6,adversarial,1,25,30,ALLOW,6,3,4,1.2
951520635,15,2,6,adversarial,1,22,27,ALLOW,6,3,4,1.2272727272727273
951520636,15,2,6,adversarial,0,,27,STEP_UP,5,3,4,
951520637,15,2,6,adversarial,1,17,27,ALLOW,6,3,4,1.588235294117647
951520638,15,2,6,adversarial,1,24,37,ALLOW,6,3,4,1.5416666666666667
951520639,15,2,6,adversarial,1,12,17,ALLOW,6,3,4,1.4166666666666667
951520900,15,2,9,benign,1,6,6,ALLOW,3,0,1,1.0
951520901,15,2,9,benign,1,8,8,ALLOW,3,0,1,1.0
951520902,15,2,9,benign,1,12,12,ALLOW,3,0,1,1.0
951520903,15,2,9,benign,1,5,5,ALLOW,3,0,1,1.0
951520904,15,2,9,benign,1,14,14,ALLOW,3,0,1,1.0
951520905,15,2,9,benign,1,6,6,ALLOW,3,0,1,1.0
951520906,15,2,9,benign,1,5,5,ALLOW,3,0,1,1.0
951520907,15,2,9,benign,1,4,4,ALLOW,3,0,1,1.0
951520908,15,2,9,benign,1,13,13,ALLOW,3,0,1,1.0
951520909,15,2,9,benign,1,6,6,ALLOW,3,0,1,1.0
951520910,15,2,9,benign,1,12,12,ALLOW,3,0,1,1.0
951520911,15,2,9,benign,1,7,7,ALLOW,3,0,1,1.0
951520912,15,2,9,benign,1,14,14,ALLOW,3,0,1,1.0
951520913,15,2,9,benign,1,9,9,ALLOW,3,0,1,1.0
951520914,15,2,9,benign,1,8,8,ALLOW,3,0,1,1.0
951520915,15,2,9,benign,1,7,7,ALLOW,3,0,1,1.0
951520916,15,2,9,benign,1,14,14,ALLOW,3,0,1,1.0
951520917,15,2,9,benign,1,6,6,ALLOW,3,0,1,1.0
951520918,15,2,9,benign,1,12,12,ALLOW,3,0,1,1.0
951520919,15,2,9,benign,1,8,8,ALLOW,3,0,1,1.0
951520910,15,2,9,random,1,12,15,ALLOW,4,1,2,1.25
951520911,15,2,9,random,1,7,7,ALLOW,3,0,1,1.0
951520912,15,2,9,random,1,14,14,ALLOW,3,0,1,1.0
951520913,15,2,9,random,1,11,13,ALLOW,4,1,2,1.1818181818181819
951520914,15,2,9,random,1,8,8,ALLOW,3,0,1,1.0
951520915,15,2,9,random,1,11,16,ALLOW,5,2,3,1.4545454545454546
951520916,15,2,9,random,1,14,14,ALLOW,3,0,1,1.0
951520917,15,2,9,random,1,16,29,ALLOW,6,3,4,1.8125
951520918,15,2,9,random,1,12,12,ALLOW,3,0,1,1.0
951520919,15,2,9,random,1,8,8,ALLOW,3,0,1,1.0
951520920,15,2,9,random,1,13,13,ALLOW,3,0,1,1.0
951520921,15,2,9,random,1,7,9,ALLOW,4,1,2,1.2857142857142858
951520922,15,2,9,random,1,3,3,ALLOW,3,0,1,1.0
951520923,15,2,9,random,0,,26,STEP_UP,5,3,4,
951520924,15,2,9,random,1,13,16,ALLOW,5,2,3,1.2307692307692308
951520925,15,2,9,random,1,7,11,ALLOW,4,1,2,1.5714285714285714
951520926,15,2,9,random,1,8,8,ALLOW,3,0,1,1.0
951520927,15,2,9,random,0,,18,STEP_UP,3,3,4,
951520928,15,2,9,random,1,14,21,ALLOW,4,1,2,1.5
951520929,15,2,9,random,1,14,22,ALLOW,5,2,3,1.5714285714285714
951520920,15,2,9,adversarial,1,26,50,ALLOW,8,5,6,1.9230769230769231
951520921,15,2,9,adversarial,1,21,27,ALLOW,6,3,4,1.2857142857142858
951520922,15,2,9,adversarial,1,17,23,ALLOW,7,4,5,1.3529411764705883
951520923,15,2,9,adversarial,1,26,46,ALLOW,8,5,6,1.7692307692307692
951520924,15,2,9,adversarial,1,16,24,ALLOW,7,4,5,1.5
951520925,15,2,9,adversarial,1,13,21,ALLOW,7,4,5,1.6153846153846154
951520926,15,2,9,adversarial,0,,18,STEP_UP,5,3,4,
951520927,15,2,9,adversarial,1,23,43,ALLOW,8,5,6,1.8695652173913044
951520928,15,2,9,adversarial,1,24,40,ALLOW,7,4,5,1.6666666666666667
951520929,15,2,9,adversarial,1,19,32,ALLOW,7,4,5,1.6842105263157894
951520930,15,2,9,adversarial,1,23,43,ALLOW,8,5,6,1.8695652173913044
951520931,15,2,9,adversarial,1,18,30,ALLOW,8,5,6,1.6666666666666667
951520932,15,2,9,adversarial,0,,36,STEP_UP,7,5,6,
951520933,15,2,9,adversarial,1,23,43,ALLOW,8,5,6,1.8695652173913044
951520934,15,2,9,adversarial,0,,36,STEP_UP,7,5,6,
951520935,15,2,9,adversarial,1,20,29,ALLOW,7,4,5,1.45
951520936,15,2,9,adversarial,1,21,36,ALLOW,8,5,6,1.7142857142857142
951520937,15,2,9,adversarial,1,17,27,ALLOW,7,4,5,1.588235294117647
951520938,15,2,9,adversarial,1,23,39,ALLOW,8,5,6,1.6956521739130435
951520939,15,2,9,adversarial,1,20,34,ALLOW,8,5,6,1.7
951521200,15,2,12,benign,1,9,9,ALLOW,3,0,1,1.0
951521201,15,2,12,benign,1,8,8,ALLOW,3,0,1,1.0
951521202,15,2,12,benign,1,5,5,ALLOW,3,0,1,1.0
951521203,15,2,12,benign,1,11,11,ALLOW,3,0,1,1.0
951521204,15,2,12,benign,1,8,8,ALLOW,3,0,1,1.0
951521205,15,2,12,benign,1,12,12,ALLOW,3,0,1,1.0
951521206,15,2,12,benign,1,4,4,ALLOW,3,0,1,1.0
951521207,15,2,12,benign,1,5,5,ALLOW,3,0,1,1.0
951521208,15,2,12,benign,1,5,5,ALLOW,3,0,1,1.0
951521209,15,2,12,benign,1,7,7,ALLOW,3,0,1,1.0
951521210,15,2,12,benign,1,7,7,ALLOW,3,0,1,1.0
951521211,15,2,12,benign,1,7,7,ALLOW,3,0,1,1.0
951521212,15,2,12,benign,1,4,4,ALLOW,3,0,1,1.0
951521213,15,2,12,benign,1,4,4,ALLOW,3,0,1,1.0
951521214,15,2,12,benign,1,8,8,ALLOW,3,0,1,1.0
951521215,15,2,12,benign,1,6,6,ALLOW,3,0,1,1.0
951521216,15,2,12,benign,1,6,6,ALLOW,3,0,1,1.0
951521217,15,2,12,benign,1,8,8,ALLOW,3,0,1,1.0
951521218,15,2,12,benign,1,11,11,ALLOW,3,0,1,1.0
951521219,15,2,12,benign,1,4,4,ALLOW,3,0,1,1.0
951521210,15,2,12,random,1,12,21,ALLOW,6,3,4,1.75
951521211,15,2,12,random,1,11,21,ALLOW,6,3,4,1.9090909090909092
951521212,15,2,12,random,1,6,7,ALLOW,4,1,2,1.1666666666666667
951521213,15,2,12,random,1,8,11,ALLOW,5,2,3,1.375
951521214,15,2,12,random,1,10,11,ALLOW,4,1,2,1.1
951521215,15,2,12,random,1,10,14,ALLOW,5,2,3,1.4
951521216,15,2,12,random,1,13,30,ALLOW,8,5,6,2.3076923076923075
951521217,15,2,12,random,1,9,12,ALLOW,5,2,3,1.3333333333333333
951521218,15,2,12,random,1,13,17,ALLOW,4,1,2,1.3076923076923077
951521219,15,2,12,random,1,4,4,ALLOW,3,0,1,1.0
951521220,15,2,12,random,1,5,7,ALLOW,4,1,2,1.4
951521221,15,2,12,random,1,11,22,ALLOW,7,4,5,2.0
951521222,15,2,12,random,1,16,37,ALLOW,8,5,6,2.3125
951521223,15,2,12,random,0,,34,STEP_UP,9,7,8,
951521224,15,2,12,random,1,7,8,ALLOW,4,1,2,1.1428571428571428
951521225,15,2,12,random,1,10,10,ALLOW,3,0,1,1.0
951521226,15,2,12,random,1,7,11,ALLOW,5,2,3,1.5714285714285714
951521227,15,2,12,random,1,14,17,ALLOW,4,1,2,1.2142857142857142
951521228,15,2,12,random,1,9,12,ALLOW,4,1,2,1.3333333333333333
951521229,15,2,12,random,1,6,8,ALLOW,4,1,2,1.3333333333333333
951521220,15,2,12,adversarial,1,20,34,ALLOW,10,7,8,1.7
951521221,15,2,12,adversarial,1,23,58,ALLOW,12,7,8,2.5217391304347827
951521222,15,2,12,adversarial,1,19,31,ALLOW,8,5,6,1.631578947368421
951521223,15,2,12,adversarial,1,22,39,ALLOW,10,7,8,1.7727272727272727
951521224,15,2,12,adversarial,1,21,39,ALLOW,9,6,7,1.8571428571428572
951521225,15,2,12,adversarial,0,,27,STEP_UP,7,5,6,
951521226,15,2,12,adversarial,1,19,31,ALLOW,9,6,7,1.631578947368421
951521227,15,2,12,adversarial,1,19,35,ALLOW,7,4,5,1.8421052631578947
951521228,15,2,12,adversarial,1,22,50,ALLOW,10,6,7,2.272727272727273
951521229,15,2,12,adversarial,1,20,37,ALLOW,10,7,8,1.85
951521230,15,2,12,adversarial,1,19,38,ALLOW,9,6,7,2.0
951521231,15,2,12,adversarial,1,19,45,ALLOW,11,7,8,2.3684210526315788
951521232,15,2,12,adversarial,1,21,44,ALLOW,10,7,8,2.0952380952380953
951521233,15,2,12,adversarial,1,19,38,ALLOW,10,7,8,2.0
951521234,15,2,12,adversarial,1,16,28,ALLOW,10,7,8,1.75
951521235,15,2,12,adversarial,1,24,47,ALLOW,11,7,8,1.9583333333333333
951521236,15,2,12,adversarial,1,24,60,ALLOW,10,7,8,2.5
951521237,15,2,12,adversarial,1,18,32,ALLOW,9,6,7,1.7777777777777777
951521238,15,2,12,adversarial,1,24,58,ALLOW,10,7,8,2.4166666666666665
951521239,15,2,12,adversarial,1,17,46,ALLOW,10,7,8,2.7058823529411766
