seed,domain_count,active_domain_count,fault_budget,n_candidates,estimated_hypotheses,skipped_resource_limit,cwr_feasible,cwr_cost,cwr_time_ms,fallback_verdict
940050200,50,48,1,10,49,0,1,3,0.089,
940050201,50,49,1,10,50,0,1,6,0.0508,
940050202,50,48,1,10,49,0,1,2,0.042,
940050203,50,45,1,10,46,0,1,2,0.0388,
940050204,50,50,1,10,51,0,1,4,0.0374,
940050205,50,49,1,10,50,0,1,3,0.04,
940050206,50,45,1,10,46,0,1,3,0.0338,
940050207,50,50,1,10,51,0,1,8,0.0445,
940050208,50,50,1,10,51,0,1,2,0.0341,
940050209,50,47,1,10,48,0,1,2,0.0357,
940050300,50,50,1,20,51,0,1,2,0.045,
940050301,50,50,1,20,51,0,1,1,0.0457,
940050302,50,50,1,20,51,0,1,1,0.0456,
940050303,50,50,1,20,51,0,1,3,0.0574,
940050304,50,50,1,20,51,0,1,1,0.0489,
940050305,50,50,1,20,51,0,1,1,0.045,
940050306,50,50,1,20,51,0,1,3,0.0555,
940050307,50,50,1,20,51,0,1,1,0.0456,
940050308,50,50,1,20,51,0,1,3,0.0486,
940050309,50,49,1,20,50,0,1,1,0.0528,
940050500,50,50,1,40,51,0,1,2,0.0682,
940050501,50,50,1,40,51,0,1,1,0.0979,
940050502,50,50,1,40,51,0,1,1,0.0711,
940050503,50,50,1,40,51,0,1,1,0.0927,
940050504,50,50,1,40,51,0,1,1,0.0835,
940050505,50,50,1,40,51,0,1,2,0.0924,
940050506,50,50,1,40,51,0,1,1,0.0853,
940050507,50,50,1,40,51,0,1,1,0.0792,
940050508,50,50,1,40,51,0,1,2,0.0852,
940050509,50,50,1,40,51,0,1,1,0.1628,
940050600,50,50,5,10,2369936,1,,,,STEP_UP
940050601,50,47,5,10,1729648,1,,,,STEP_UP
940050602,50,46,5,10,1550201,1,,,,STEP_UP
940050603,50,47,5,10,1729648,1,,,,STEP_UP
940050604,50,50,5,10,2369936,1,,,,STEP_UP
940050605,50,47,5,10,1729648,1,,,,STEP_UP
940050606,50,49,5,10,2138410,1,,,,STEP_UP
940050607,50,49,5,10,2138410,1,,,,STEP_UP
940050608,50,41,5,10,862190,1,,,,STEP_UP
940050609,50,50,5,10,2369936,1,,,,STEP_UP
940050700,50,50,5,20,2369936,1,,,,STEP_UP
940050701,50,49,5,20,2138410,1,,,,STEP_UP
940050702,50,50,5,20,2369936,1,,,,STEP_UP
940050703,50,50,5,20,2369936,1,,,,STEP_UP
940050704,50,50,5,20,2369936,1,,,,STEP_UP
940050705,50,50,5,20,2369936,1,,,,STEP_UP
940050706,50,50,5,20,2369936,1,,,,STEP_UP
940050707,50,50,5,20,2369936,1,,,,STEP_UP
940050708,50,50,5,20,2369936,1,,,,STEP_UP
940050709,50,50,5,20,2369936,1,,,,STEP_UP
940050900,50,50,5,40,2369936,1,,,,STEP_UP
940050901,50,50,5,40,2369936,1,,,,STEP_UP
940050902,50,50,5,40,2369936,1,,,,STEP_UP
940050903,50,50,5,40,2369936,1,,,,STEP_UP
940050904,50,50,5,40,2369936,1,,,,STEP_UP
940050905,50,50,5,40,2369936,1,,,,STEP_UP
940050906,50,50,5,40,2369936,1,,,,STEP_UP
940050907,50,50,5,40,2369936,1,,,,STEP_UP
940050908,50,50,5,40,2369936,1,,,,STEP_UP
940050909,50,50,5,40,2369936,1,,,,STEP_UP
940051100,50,49,10,10,10825279046,1,,,,STEP_UP
940051101,50,44,10,10,3414035527,1,,,,STEP_UP
940051102,50,48,10,10,8682997471,1,,,,STEP_UP
940051103,50,47,10,10,6930532111,1,,,,STEP_UP
940051104,50,48,10,10,8682997471,1,,,,STEP_UP
940051105,50,47,10,10,6930532111,1,,,,STEP_UP
940051106,50,50,10,10,13432735556,1,,,,STEP_UP
940051107,50,48,10,10,8682997471,1,,,,STEP_UP
940051108,50,46,10,10,5503441266,1,,,,STEP_UP
940051109,50,47,10,10,6930532111,1,,,,STEP_UP
940051200,50,50,10,20,13432735556,1,,,,STEP_UP
940051201,50,50,10,20,13432735556,1,,,,STEP_UP
940051202,50,50,10,20,13432735556,1,,,,STEP_UP
940051203,50,50,10,20,13432735556,1,,,,STEP_UP
940051204,50,50,10,20,13432735556,1,,,,STEP_UP
940051205,50,50,10,20,13432735556,1,,,,STEP_UP
940051206,50,50,10,20,13432735556,1,,,,STEP_UP
940051207,50,50,10,20,13432735556,1,,,,STEP_UP
940051208,50,50,10,20,13432735556,1,,,,STEP_UP
940051209,50,50,10,20,13432735556,1,,,,STEP_UP
940051400,50,50,10,40,13432735556,1,,,,STEP_UP
940051401,50,50,10,40,13432735556,1,,,,STEP_UP
940051402,50,50,10,40,13432735556,1,,,,STEP_UP
940051403,50,50,10,40,13432735556,1,,,,STEP_UP
940051404,50,50,10,40,13432735556,1,,,,STEP_UP
940051405,50,50,10,40,13432735556,1,,,,STEP_UP
940051406,50,50,10,40,13432735556,1,,,,STEP_UP
940051407,50,50,10,40,13432735556,1,,,,STEP_UP
940051408,50,50,10,40,13432735556,1,,,,STEP_UP
940051409,50,50,10,40,13432735556,1,,,,STEP_UP
940052100,50,50,20,10,114075475473136,1,,,,STEP_UP
940052101,50,49,20,10,71176501409756,1,,,,STEP_UP
940052102,50,47,20,10,26859285054466,1,,,,STEP_UP
940052103,50,46,20,10,16233759030806,1,,,,STEP_UP
940052104,50,50,20,10,114075475473136,1,,,,STEP_UP
940052105,50,42,20,10,1929894318332,1,,,,STEP_UP
940052106,50,44,20,10,5731427140268,1,,,,STEP_UP
940052107,50,49,20,10,71176501409756,1,,,,STEP_UP
940052108,50,50,20,10,114075475473136,1,,,,STEP_UP
940052109,50,47,20,10,26859285054466,1,,,,STEP_UP
940052200,50,50,20,20,114075475473136,1,,,,STEP_UP
940052201,50,48,20,20,43956090429826,1,,,,STEP_UP
940052202,50,50,20,20,114075475473136,1,,,,STEP_UP
940052203,50,50,20,20,114075475473136,1,,,,STEP_UP
940052204,50,50,20,20,114075475473136,1,,,,STEP_UP
940052205,50,50,20,20,114075475473136,1,,,,STEP_UP
940052206,50,50,20,20,114075475473136,1,,,,STEP_UP
940052207,50,49,20,20,71176501409756,1,,,,STEP_UP
940052208,50,50,20,20,114075475473136,1,,,,STEP_UP
940052209,50,50,20,20,114075475473136,1,,,,STEP_UP
940052400,50,50,20,40,114075475473136,1,,,,STEP_UP
940052401,50,50,20,40,114075475473136,1,,,,STEP_UP
940052402,50,50,20,40,114075475473136,1,,,,STEP_UP
940052403,50,50,20,40,114075475473136,1,,,,STEP_UP
940052404,50,50,20,40,114075475473136,1,,,,STEP_UP
940052405,50,50,20,40,114075475473136,1,,,,STEP_UP
940052406,50,50,20,40,114075475473136,1,,,,STEP_UP
940052407,50,50,20,40,114075475473136,1,,,,STEP_UP
940052408,50,50,20,40,114075475473136,1,,,,STEP_UP
940052409,50,50,20,40,114075475473136,1,,,,STEP_UP
940100200,100,72,1,10,73,0,1,1,0.071,
940100201,100,72,1,10,73,0,1,2,0.056,
940100202,100,91,1,10,92,0,1,2,0.071,
940100203,100,76,1,10,77,0,1,1,0.056,
940100204,100,78,1,10,79,0,1,2,0.0561,
940100205,100,90,1,10,91,0,1,1,0.0602,
940100206,100,71,1,10,72,0,1,1,0.047,
940100207,100,81,1,10,82,0,1,2,0.0548,
940100208,100,67,1,10,68,0,1,1,0.046,
940100209,100,81,1,10,82,0,1,2,0.0531,
940100300,100,96,1,20,97,0,1,2,0.0804,
940100301,100,96,1,20,97,0,1,1,0.0786,
940100302,100,98,1,20,99,0,1,2,0.0902,
940100303,100,85,1,20,86,0,1,1,0.0672,
940100304,100,96,1,20,97,0,1,2,0.0766,
940100305,100,91,1,20,92,0,1,1,0.0697,
940100306,100,91,1,20,92,0,1,2,0.069,
940100307,100,95,1,20,96,0,1,2,0.0689,
940100308,100,90,1,20,91,0,1,2,0.0721,
940100309,100,94,1,20,95,0,1,1,0.0745,
940100500,100,100,1,40,101,0,1,1,0.1244,
940100501,100,100,1,40,101,0,1,1,0.1052,
940100502,100,100,1,40,101,0,1,1,0.1125,
940100503,100,100,1,40,101,0,1,1,0.1012,
940100504,100,100,1,40,101,0,1,1,0.1068,
940100505,100,100,1,40,101,0,1,1,0.1103,
940100506,100,100,1,40,101,0,1,1,0.0922,
940100507,100,99,1,40,100,0,1,1,0.3145,
940100508,100,100,1,40,101,0,1,1,0.1191,
940100509,100,99,1,40,100,0,1,1,0.0984,
940100600,100,62,5,10,7068621,1,,,,STEP_UP
940100601,100,69,5,10,12157824,1,,,,STEP_UP
940100602,100,79,5,10,24122256,1,,,,STEP_UP
940100603,100,65,5,10,8982754,1,,,,STEP_UP
940100604,100,58,5,10,5038954,1,,,,STEP_UP
940100605,100,85,5,10,34928728,1,,,,STEP_UP
940100606,100,76,5,10,19831042,1,,,,STEP_UP
940100607,100,82,5,10,29126360,1,,,,STEP_UP
940100608,100,83,5,10,30967384,1,,,,STEP_UP
940100609,100,78,5,10,22616673,1,,,,STEP_UP
940100700,100,93,5,20,55025156,1,,,,STEP_UP
940100701,100,96,5,20,64593561,1,,,,STEP_UP
940100702,100,91,5,20,49302800,1,,,,STEP_UP
940100703,100,93,5,20,55025156,1,,,,STEP_UP
940100704,100,93,5,20,55025156,1,,,,STEP_UP
940100705,100,88,5,20,41621295,1,,,,STEP_UP
940100706,100,89,5,20,44066838,1,,,,STEP_UP
940100707,100,96,5,20,64593561,1,,,,STEP_UP
940100708,100,95,5,20,61267040,1,,,,STEP_UP
940100709,100,100,5,20,79375496,1,,,,STEP_UP
940100900,100,99,5,40,75449320,1,,,,STEP_UP
940100901,100,100,5,40,79375496,1,,,,STEP_UP
940100902,100,100,5,40,79375496,1,,,,STEP_UP
940100903,100,100,5,40,79375496,1,,,,STEP_UP
940100904,100,99,5,40,75449320,1,,,,STEP_UP
940100905,100,99,5,40,75449320,1,,,,STEP_UP
940100906,100,99,5,40,75449320,1,,,,STEP_UP
940100907,100,100,5,40,79375496,1,,,,STEP_UP
940100908,100,100,5,40,79375496,1,,,,STEP_UP
940100909,100,99,5,40,75449320,1,,,,STEP_UP
940101100,100,83,10,10,2805029447746,1,,,,STEP_UP
940101101,100,87,10,10,4578489028378,1,,,,STEP_UP
940101102,100,81,10,10,2175273626014,1,,,,STEP_UP
940101103,100,75,10,10,973602516871,1,,,,STEP_UP
940101104,100,76,10,10,1118273927387,1,,,,STEP_UP
940101105,100,76,10,10,1118273927387,1,,,,STEP_UP
940101106,100,72,10,10,634938384936,1,,,,STEP_UP
940101107,100,70,10,10,472521371536,1,,,,STEP_UP
940101108,100,84,10,10,3177726565922,1,,,,STEP_UP
940101109,100,81,10,10,2175273626014,1,,,,STEP_UP
940101200,100,92,10,20,8182027618429,1,,,,STEP_UP
940101201,100,96,10,20,12721981578221,1,,,,STEP_UP
940101202,100,95,10,20,11413457847821,1,,,,STEP_UP
940101203,100,94,10,20,10227357344862,1,,,,STEP_UP
940101204,100,94,10,20,10227357344862,1,,,,STEP_UP
940101205,100,88,10,20,5156227011530,1,,,,STEP_UP
940101206,100,96,10,20,12721981578221,1,,,,STEP_UP
940101207,100,93,10,20,9153389176260,1,,,,STEP_UP
940101208,100,94,10,20,10227357344862,1,,,,STEP_UP
940101209,100,94,10,20,10227357344862,1,,,,STEP_UP
940101400,100,100,10,40,19415908147836,1,,,,STEP_UP
940101401,100,100,10,40,19415908147836,1,,,,STEP_UP
940101402,100,100,10,40,19415908147836,1,,,,STEP_UP
940101403,100,99,10,40,17497593329316,1,,,,STEP_UP
940101404,100,99,10,40,17497593329316,1,,,,STEP_UP
940101405,100,97,10,40,14164036699786,1,,,,STEP_UP
940101406,100,100,10,40,19415908147836,1,,,,STEP_UP
940101407,100,100,10,40,19415908147836,1,,,,STEP_UP
940101408,100,100,10,40,19415908147836,1,,,,STEP_UP
940101409,100,100,10,40,19415908147836,1,,,,STEP_UP
940102100,100,77,20,10,2211058130414688244,1,,,,STEP_UP
940102101,100,56,20,10,1586944068900829,1,,,,STEP_UP
940102102,100,83,20,10,11754134090271100336,1,,,,STEP_UP
940102103,100,70,20,10,259898394708950956,1,,,,STEP_UP
940102104,100,78,20,10,2949641596923575548,1,,,,STEP_UP
940102105,100,78,20,10,2949641596923575548,1,,,,STEP_UP
940102106,100,71,20,10,357912185755244036,1,,,,STEP_UP
940102107,100,76,20,10,1650535921328322392,1,,,,STEP_UP
940102108,100,85,20,10,19920920110993699459,1,,,,STEP_UP
940102109,100,65,20,10,48448100867813978,1,,,,STEP_UP
940102200,100,93,20,20,144598570548681845719,1,,,,STEP_UP
940102201,100,93,20,20,144598570548681845719,1,,,,STEP_UP
940102202,100,90,20,20,70337061034017893558,1,,,,STEP_UP
940102203,100,97,20,20,363717485940377889286,1,,,,STEP_UP
940102204,100,95,20,20,230547294603619172671,1,,,,STEP_UP
940102205,100,96,20,20,289950038287756454591,1,,,,STEP_UP
940102206,100,99,20,20,568038996697166465536,1,,,,STEP_UP
940102207,100,90,20,20,70337061034017893558,1,,,,STEP_UP
940102208,100,90,20,20,70337061034017893558,1,,,,STEP_UP
940102209,100,96,20,20,289950038287756454591,1,,,,STEP_UP
940102400,100,100,20,40,707291297071285184696,1,,,,STEP_UP
940102401,100,100,20,40,707291297071285184696,1,,,,STEP_UP
940102402,100,100,20,40,707291297071285184696,1,,,,STEP_UP
940102403,100,99,20,40,568038996697166465536,1,,,,STEP_UP
940102404,100,98,20,40,455101059002728545716,1,,,,STEP_UP
940102405,100,100,20,40,707291297071285184696,1,,,,STEP_UP
940102406,100,100,20,40,707291297071285184696,1,,,,STEP_UP
940102407,100,100,20,40,707291297071285184696,1,,,,STEP_UP
940102408,100,100,20,40,707291297071285184696,1,,,,STEP_UP
940102409,100,100,20,40,707291297071285184696,1,,,,STEP_UP
940200200,200,100,1,10,101,0,1,2,0.1012,
940200201,200,102,1,10,103,0,1,4,0.0831,
940200202,200,103,1,10,104,0,1,4,0.0731,
940200203,200,107,1,10,108,0,1,1,0.0752,
940200204,200,112,1,10,113,0,1,1,0.0751,
940200205,200,100,1,10,101,0,1,2,0.0693,
940200206,200,116,1,10,117,0,1,3,0.0753,
940200207,200,108,1,10,109,0,1,2,0.0736,
940200208,200,100,1,10,101,0,1,1,0.2303,
940200209,200,94,1,10,95,0,1,2,0.152,
940200300,200,158,1,20,159,0,1,3,0.2476,
940200301,200,135,1,20,136,0,1,1,0.1661,
940200302,200,150,1,20,151,0,1,1,0.1082,
940200303,200,152,1,20,153,0,1,1,0.1047,
940200304,200,162,1,20,163,0,1,1,0.1099,
940200305,200,153,1,20,154,0,1,1,0.1081,
940200306,200,143,1,20,144,0,1,1,0.1027,
940200307,200,142,1,20,143,0,1,2,0.102,
940200308,200,155,1,20,156,0,1,1,0.0997,
940200309,200,153,1,20,154,0,1,1,0.0982,
940200500,200,188,1,40,189,0,1,1,0.1402,
940200501,200,185,1,40,186,0,1,1,0.1753,
940200502,200,185,1,40,186,0,1,1,0.1497,
940200503,200,192,1,40,193,0,1,1,0.1548,
940200504,200,183,1,40,184,0,1,1,0.1346,
940200505,200,194,1,40,195,0,1,1,0.1491,
940200506,200,181,1,40,182,0,1,1,0.1312,
940200507,200,187,1,40,188,0,1,1,0.1393,
940200508,200,182,1,40,183,0,1,1,0.1346,
940200509,200,189,1,40,190,0,1,1,0.1601,
940200600,200,108,5,10,117038314,1,,,,STEP_UP
940200601,200,111,5,10,134381744,1,,,,STEP_UP
940200602,200,84,5,10,32900372,1,,,,STEP_UP
940200603,200,112,5,10,140598781,1,,,,STEP_UP
940200604,200,108,5,10,117038314,1,,,,STEP_UP
940200605,200,94,5,10,58079029,1,,,,STEP_UP
940200606,200,110,5,10,128386633,1,,,,STEP_UP
940200607,200,104,5,10,96748211,1,,,,STEP_UP
940200608,200,103,5,10,92144728,1,,,,STEP_UP
940200609,200,111,5,10,134381744,1,,,,STEP_UP
940200700,200,155,5,20,722277712,1,,,,STEP_UP
940200701,200,147,5,20,553218968,1,,,,STEP_UP
940200702,200,165,5,20,989204624,1,,,,STEP_UP
940200703,200,139,5,20,417413248,1,,,,STEP_UP
940200704,200,146,5,20,534536296,1,,,,STEP_UP
940200705,200,130,5,20,297968932,1,,,,STEP_UP
940200706,200,148,5,20,572420452,1,,,,STEP_UP
940200707,200,138,5,20,402512030,1,,,,STEP_UP
940200708,200,153,5,20,676590838,1,,,,STEP_UP
940200709,200,167,5,20,1050996632,1,,,,STEP_UP
940200900,200,190,5,40,2010546029,1,,,,STEP_UP
940200901,200,186,5,40,1806641034,1,,,,STEP_UP
940200902,200,193,5,40,2175230626,1,,,,STEP_UP
940200903,200,189,5,40,1957925908,1,,,,STEP_UP
940200904,200,186,5,40,1806641034,1,,,,STEP_UP
940200905,200,188,5,40,1906413390,1,,,,STEP_UP
940200906,200,187,5,40,1855990896,1,,,,STEP_UP
940200907,200,189,5,40,1957925908,1,,,,STEP_UP
940200908,200,187,5,40,1855990896,1,,,,STEP_UP
940200909,200,190,5,40,2010546029,1,,,,STEP_UP
940201100,200,104,10,10,29128891594076,1,,,,STEP_UP
940201101,200,87,10,10,4578489028378,1,,,,STEP_UP
940201102,200,105,10,10,32156796836712,1,,,,STEP_UP
940201103,200,118,10,10,107183552925100,1,,,,STEP_UP
940201104,200,77,10,10,1282021126244,1,,,,STEP_UP
940201105,200,92,10,10,8182027618429,1,,,,STEP_UP
940201106,200,107,10,10,39076763779243,1,,,,STEP_UP
940201107,200,104,10,10,29128891594076,1,,,,STEP_UP
940201108,200,106,10,10,35465135074464,1,,,,STEP_UP
940201109,200,83,10,10,2805029447746,1,,,,STEP_UP
940201200,200,152,10,20,1440660560518834,1,,,,STEP_UP
940201201,200,133,10,20,366732230122656,1,,,,STEP_UP
940201202,200,150,10,20,1258067642133716,1,,,,STEP_UP
940201203,200,153,10,20,1540615384707708,1,,,,STEP_UP
940201204,200,150,10,20,1258067642133716,1,,,,STEP_UP
940201205,200,157,10,20,2005902398704388,1,,,,STEP_UP
940201206,200,154,10,20,1646769387188256,1,,,,STEP_UP
940201207,200,147,10,20,1023046146006186,1,,,,STEP_UP
940201208,200,147,10,20,1023046146006186,1,,,,STEP_UP
940201209,200,145,10,20,889149397669966,1,,,,STEP_UP
940201400,200,177,10,40,6823346442005414,1,,,,STEP_UP
940201401,200,189,10,40,13315033177601764,1,,,,STEP_UP
940201402,200,175,10,40,6076627451513631,1,,,,STEP_UP
940201403,200,180,10,40,8098840704877422,1,,,,STEP_UP
940201404,200,188,10,40,12614625107310745,1,,,,STEP_UP
940201405,200,192,10,40,15631289657325209,1,,,,STEP_UP
940201406,200,189,10,40,13315033177601764,1,,,,STEP_UP
940201407,200,184,10,40,10132442280936902,1,,,,STEP_UP
940201408,200,192,10,40,15631289657325209,1,,,,STEP_UP
940201409,200,190,10,40,14050250601031862,1,,,,STEP_UP
940202100,200,102,20,10,1088873504134499422474,1,,,,STEP_UP
940202101,200,106,20,10,2512334235782341672244,1,,,,STEP_UP
940202102,200,106,20,10,2512334235782341672244,1,,,,STEP_UP
940202103,200,91,20,10,89693381790334847806,1,,,,STEP_UP
940202104,200,102,20,10,1088873504134499422474,1,,,,STEP_UP
940202105,200,81,20,10,6837944227813170424,1,,,,STEP_UP
940202106,200,100,20,10,707291297071285184696,1,,,,STEP_UP
940202107,200,95,20,10,230547294603619172671,1,,,,STEP_UP
940202108,200,87,20,10,33311172411262501471,1,,,,STEP_UP
940202109,200,118,20,10,25503095036483890726219,1,,,,STEP_UP
940202200,200,137,20,20,623475884871842492764096,1,,,,STEP_UP
940202201,200,138,20,20,727936880310508795905392,1,,,,STEP_UP
940202202,200,156,20,20,9811175554573996645443934,1,,,,STEP_UP
940202203,200,152,20,20,5663274823012526310000659,1,,,,STEP_UP
940202204,200,135,20,20,455712051395005948711624,1,,,,STEP_UP
940202205,200,162,20,20,21769641536534044223588596,1,,,,STEP_UP
940202206,200,145,20,20,2084416709391433627457776,1,,,,STEP_UP
940202207,200,138,20,20,727936880310508795905392,1,,,,STEP_UP
940202208,200,152,20,20,5663274823012526310000659,1,,,,STEP_UP
940202209,200,156,20,20,9811175554573996645443934,1,,,,STEP_UP
940202400,200,191,20,40,692301967893028211194832941,1,,,,STEP_UP
940202401,200,187,20,40,444497654796296001336445346,1,,,,STEP_UP
940202402,200,191,20,40,692301967893028211194832941,1,,,,STEP_UP
940202403,200,194,20,40,959112892907188577244636548,1,,,,STEP_UP
940202404,200,182,20,40,251875766890008069552936103,1,,,,STEP_UP
940202405,200,182,20,40,251875766890008069552936103,1,,,,STEP_UP
940202406,200,191,20,40,692301967893028211194832941,1,,,,STEP_UP
940202407,200,189,20,40,555411762505819969823018149,1,,,,STEP_UP
940202408,200,187,20,40,444497654796296001336445346,1,,,,STEP_UP
940202409,200,178,20,40,158005271864662796537331568,1,,,,STEP_UP
940500200,500,138,1,10,139,0,1,2,0.1088,
940500201,500,126,1,10,127,0,1,1,0.0857,
940500202,500,115,1,10,116,0,1,1,0.0751,
940500203,500,126,1,10,127,0,1,3,0.0771,
940500204,500,106,1,10,107,0,1,1,0.0677,
940500205,500,141,1,10,142,0,1,2,0.0823,
940500206,500,106,1,10,107,0,1,1,0.0625,
940500207,500,116,1,10,117,0,1,1,0.0696,
940500208,500,138,1,10,139,0,1,2,0.0803,
940500209,500,106,1,10,107,0,1,2,0.0652,
940500300,500,202,1,20,203,0,1,1,0.1178,
940500301,500,230,1,20,231,0,1,1,0.1411,
940500302,500,222,1,20,223,0,1,1,0.1226,
940500303,500,239,1,20,240,0,1,1,0.134,
940500304,500,208,1,20,209,0,1,2,0.1209,
940500305,500,221,1,20,222,0,1,1,0.1236,
940500306,500,223,1,20,224,0,1,1,0.1632,
940500307,500,221,1,20,222,0,1,1,0.1274,
940500308,500,195,1,20,196,0,1,1,0.1146,
940500309,500,227,1,20,228,0,1,1,0.1312,
940500500,500,313,1,40,314,0,1,1,0.1984,
940500501,500,332,1,40,333,0,1,1,0.2046,
940500502,500,308,1,40,309,0,1,1,0.1833,
940500503,500,341,1,40,342,0,1,1,0.198,
940500504,500,291,1,40,292,0,1,1,0.1789,
940500505,500,350,1,40,351,0,1,1,0.218,
940500506,500,339,1,40,340,0,1,2,0.2083,
940500507,500,304,1,40,305,0,1,1,0.1819,
940500508,500,334,1,40,335,0,1,1,0.2047,
940500509,500,331,1,40,332,0,1,1,0.1929,
940500600,500,141,5,10,448539660,1,,,,STEP_UP
940500601,500,143,5,10,481496016,1,,,,STEP_UP
940500602,500,117,5,10,175230472,1,,,,STEP_UP
940500603,500,119,5,10,190858984,1,,,,STEP_UP
940500604,500,113,5,10,147043850,1,,,,STEP_UP
940500605,500,166,5,10,1019726215,1,,,,STEP_UP
940500606,500,110,5,10,128386633,1,,,,STEP_UP
940500607,500,101,5,10,83463472,1,,,,STEP_UP
940500608,500,136,5,10,373986299,1,,,,STEP_UP
940500609,500,107,5,10,111673440,1,,,,STEP_UP
940500700,500,181,5,20,1575385448,1,,,,STEP_UP
940500701,500,224,5,20,4597020345,1,,,,STEP_UP
940500702,500,198,5,20,2473552687,1,,,,STEP_UP
940500703,500,208,5,20,3168293909,1,,,,STEP_UP
940500704,500,221,5,20,4296048836,1,,,,STEP_UP
940500705,500,196,5,20,2350534656,1,,,,STEP_UP
940500706,500,190,5,20,2010546029,1,,,,STEP_UP
940500707,500,182,5,20,1619626555,1,,,,STEP_UP
940500708,500,217,5,20,3919491542,1,,,,STEP_UP
940500709,500,215,5,20,3741386184,1,,,,STEP_UP
940500900,500,317,5,40,26261542612,1,,,,STEP_UP
940500901,500,320,5,40,27531951185,1,,,,STEP_UP
940500902,500,321,5,40,27966174306,1,,,,STEP_UP
940500903,500,326,5,40,30220245967,1,,,,STEP_UP
940500904,500,332,5,40,33114553410,1,,,,STEP_UP
940500905,500,328,5,40,31161559723,1,,,,STEP_UP
940500906,500,325,5,40,29758198016,1,,,,STEP_UP
940500907,500,344,5,40,39568116079,1,,,,STEP_UP
940500908,500,333,5,40,33617776684,1,,,,STEP_UP
940500909,500,324,5,40,29301819040,1,,,,STEP_UP
940501100,500,133,10,10,366732230122656,1,,,,STEP_UP
940501101,500,127,10,10,228281291120529,1,,,,STEP_UP
940501102,500,111,10,10,57071892649367,1,,,,STEP_UP
940501103,500,143,10,10,771237429390715,1,,,,STEP_UP
940501104,500,85,10,10,3594427244224,1,,,,STEP_UP
940501105,500,92,10,10,8182027618429,1,,,,STEP_UP
940501106,500,104,10,10,29128891594076,1,,,,STEP_UP
940501107,500,123,10,10,164283097856981,1,,,,STEP_UP
940501108,500,160,10,10,2434053505276149,1,,,,STEP_UP
940501109,500,111,10,10,57071892649367,1,,,,STEP_UP
940501200,500,195,10,20,18304094847646336,1,,,,STEP_UP
940501201,500,221,10,20,65359468529929796,1,,,,STEP_UP
940501202,500,205,10,20,30447278980920292,1,,,,STEP_UP
940501203,500,165,10,20,3333124106508032,1,,,,STEP_UP
940501204,500,217,10,20,54289199379255404,1,,,,STEP_UP
940501205,500,196,10,20,19282400797974056,1,,,,STEP_UP
940501206,500,190,10,20,14050250601031862,1,,,,STEP_UP
940501207,500,236,10,20,127316251106768767,1,,,,STEP_UP
940501208,500,222,10,20,68426730834876286,1,,,,STEP_UP
940501209,500,197,10,20,20307518671891936,1,,,,STEP_UP
940501400,500,324,10,40,3153066460523590456,1,,,,STEP_UP
940501401,500,286,10,40,892690671334162702,1,,,,STEP_UP
940501402,500,344,10,40,5775622833774541162,1,,,,STEP_UP
940501403,500,325,10,40,3252828660341388896,1,,,,STEP_UP
940501404,500,305,10,40,1711412566734582022,1,,,,STEP_UP
940501405,500,317,10,40,2528355949011427684,1,,,,STEP_UP
940501406,500,332,10,40,4034557522425218683,1,,,,STEP_UP
940501407,500,341,10,40,5286508243397803456,1,,,,STEP_UP
940501408,500,297,10,40,1307905803092007736,1,,,,STEP_UP
940501409,500,295,10,40,1221475191075789876,1,,,,STEP_UP
940502100,500,111,20,10,6818211559034908136918,1,,,,STEP_UP
940502101,500,127,20,10,123544093267317677419529,1,,,,STEP_UP
940502102,500,114,20,10,12129303773499202186864,1,,,,STEP_UP
940502103,500,109,20,10,4600579575491503118582,1,,,,STEP_UP
940502104,500,137,20,10,623475884871842492764096,1,,,,STEP_UP
940502105,500,123,20,10,62217539560833693798986,1,,,,STEP_UP
940502106,500,127,20,10,123544093267317677419529,1,,,,STEP_UP
940502107,500,145,20,10,2084416709391433627457776,1,,,,STEP_UP
940502108,500,92,20,10,114045251393757224102,1,,,,STEP_UP
940502109,500,88,20,10,42867784703344296287,1,,,,STEP_UP
940502200,500,213,20,20,6739327888873033340593318987,1,,,,STEP_UP
940502201,500,202,20,20,2230995997286985469493375144,1,,,,STEP_UP
940502202,500,249,20,20,172490392113032909191720900276,1,,,,STEP_UP
940502203,500,220,20,20,13209545928180561418432660246,1,,,,STEP_UP
940502204,500,213,20,20,6739327888873033340593318987,1,,,,STEP_UP
940502205,500,229,20,20,30393021012028355642452684286,1,,,,STEP_UP
940502206,500,224,20,20,19212753786518350947410671111,1,,,,STEP_UP
940502207,500,194,20,20,959112892907188577244636548,1,,,,STEP_UP
940502208,500,202,20,20,2230995997286985469493375144,1,,,,STEP_UP
940502209,500,192,20,20,772224668098681016505865517,1,,,,STEP_UP
940502400,500,326,20,40,44571079527315311389465393961692,1,,,,STEP_UP
940502401,500,335,20,40,77951247011142946633984725369284,1,,,,STEP_UP
940502402,500,354,20,40,241593543114019205159167724416436,1,,,,STEP_UP
940502403,500,331,20,40,60920301175949977507129525505624,1,,,,STEP_UP
940502404,500,317,20,40,25078589854809475597070209334317,1,,,,STEP_UP
940502405,500,343,20,40,126492913368999705000270393516719,1,,,,STEP_UP
940502406,500,313,20,40,19317717324247567407810393100372,1,,,,STEP_UP
940502407,500,343,20,40,126492913368999705000270393516719,1,,,,STEP_UP
940502408,500,377,20,40,876677049363243739007670125689204,1,,,,STEP_UP
940502409,500,345,20,40,142508714294773398642540288822196,1,,,,STEP_UP
