seed,fault_budget,n_candidates,has_residual,feasible,cwr_cost,exhaustive_cost,greedy_cost,sequential_cost,full_cost,cwr_matches_exhaustive
806000,1,6,1,1,2,2,2,9,22,1
806001,1,6,0,1,10,10,10,19,40,1
806002,1,6,1,1,3,3,3,13,28,1
806003,1,6,0,1,8,8,8,10,31,1
806004,1,6,1,1,4,4,4,5,21,1
806005,1,6,0,1,7,7,7,10,37,1
806006,1,6,1,1,2,2,2,2,41,1
806007,1,6,0,1,7,7,7,30,36,1
806008,1,6,1,1,2,2,2,9,28,1
806009,1,6,0,1,3,3,3,10,23,1
806010,1,6,1,1,1,1,1,13,29,1
806011,1,6,0,1,2,2,2,7,16,1
806012,1,6,1,1,3,3,3,7,15,1
806013,1,6,0,1,5,5,5,6,34,1
806014,1,6,1,1,6,6,6,24,47,1
806015,1,6,0,1,8,8,8,11,35,1
806016,1,6,1,1,7,7,7,23,29,1
806017,1,6,0,1,6,6,6,14,34,1
806018,1,6,1,1,1,1,1,1,28,1
806019,1,6,0,1,3,3,3,9,26,1
806020,1,6,1,1,4,4,4,7,38,1
806021,1,6,0,1,5,5,6,10,25,1
806022,1,6,1,1,4,4,4,15,33,1
806023,1,6,0,1,5,5,5,16,31,1
806024,1,6,1,1,2,2,2,2,34,1
806025,1,6,0,1,4,4,4,14,21,1
806026,1,6,1,1,5,5,5,8,34,1
806027,1,6,0,1,5,5,5,32,34,1
806028,1,6,1,1,1,1,1,5,20,1
806029,1,6,0,1,7,7,7,13,33,1
806030,1,6,1,1,2,2,2,17,32,1
806031,1,6,0,1,5,5,5,18,23,1
806032,1,6,1,1,4,4,4,12,34,1
806033,1,6,0,1,5,5,5,6,23,1
806034,1,6,1,1,1,1,1,8,22,1
806035,1,6,0,1,3,3,3,12,22,1
806036,1,6,1,1,3,3,3,12,29,1
806037,1,6,0,1,12,12,14,17,37,1
806038,1,6,1,1,1,1,1,6,26,1
806039,1,6,0,1,7,7,7,17,38,1
806040,1,6,1,1,11,11,11,18,32,1
806041,1,6,0,1,6,6,6,15,39,1
806042,1,6,1,1,2,2,2,14,38,1
806043,1,6,0,1,6,6,6,10,36,1
806044,1,6,1,1,5,5,5,10,26,1
806045,1,6,0,1,11,11,11,24,37,1
806046,1,6,1,1,2,2,2,8,34,1
806047,1,6,0,1,6,6,8,10,25,1
806048,1,6,1,1,2,2,2,6,37,1
806049,1,6,0,1,8,8,10,10,28,1
806050,1,6,1,1,4,4,6,9,32,1
806051,1,6,0,1,9,9,9,18,36,1
806052,1,6,1,1,1,1,1,8,34,1
806053,1,6,0,1,7,7,8,7,27,1
806054,1,6,1,1,8,8,8,13,35,1
806055,1,6,0,1,4,4,4,21,25,1
806056,1,6,1,1,7,7,7,8,42,1
806057,1,6,0,1,4,4,4,11,25,1
806058,1,6,1,1,4,4,4,5,43,1
806059,1,6,0,1,5,5,5,15,34,1
806060,1,6,1,1,3,3,3,10,33,1
806061,1,6,0,1,3,3,3,6,19,1
806062,1,6,1,1,3,3,3,6,35,1
806063,1,6,0,1,12,12,16,12,38,1
806064,1,6,1,1,3,3,3,3,28,1
806065,1,6,0,1,5,5,5,9,30,1
806066,1,6,1,1,5,5,5,13,35,1
806067,1,6,0,1,10,10,13,13,26,1
806068,1,6,1,1,2,2,2,3,28,1
806069,1,6,0,1,9,9,9,34,34,1
806070,1,6,1,1,11,11,11,22,39,1
806071,1,6,0,1,8,8,8,26,34,1
806072,1,6,1,1,1,1,1,7,25,1
806073,1,6,0,1,6,6,6,19,30,1
806074,1,6,1,1,4,4,4,4,22,1
806075,1,6,0,1,4,4,4,4,24,1
806076,1,6,1,1,1,1,1,8,24,1
806077,1,6,0,1,6,6,6,8,22,1
806078,1,6,1,1,2,2,2,3,31,1
806079,1,6,0,1,7,7,9,7,25,1
806080,1,6,1,1,6,6,6,21,33,1
806081,1,6,0,1,12,12,12,14,35,1
806082,1,6,1,1,3,3,3,14,41,1
806083,1,6,0,1,2,2,2,10,27,1
806084,1,6,1,1,2,2,2,10,26,1
806085,1,6,0,1,3,3,3,12,23,1
806086,1,6,1,1,1,1,1,4,19,1
806087,1,6,0,1,3,3,3,12,17,1
806088,1,6,1,1,3,3,3,3,38,1
806089,1,6,0,1,7,7,7,16,39,1
806090,1,6,1,1,1,1,1,12,20,1
806091,1,6,0,1,7,7,7,19,31,1
806092,1,6,1,1,2,2,3,16,28,1
806093,1,6,0,1,11,11,11,16,36,1
806094,1,6,1,1,4,4,4,15,35,1
806095,1,6,0,1,8,8,8,14,42,1
806096,1,6,1,1,1,1,1,6,20,1
806097,1,6,0,1,4,4,4,10,32,1
806098,1,6,1,1,5,5,7,9,34,1
806099,1,6,0,1,4,4,4,10,27,1
806100,1,6,1,1,3,3,3,8,31,1
806101,1,6,0,1,5,5,7,13,22,1
806102,1,6,1,1,1,1,1,6,25,1
806103,1,6,0,1,3,3,3,7,27,1
806104,1,6,1,1,6,6,6,12,33,1
806105,1,6,0,1,3,3,3,13,22,1
806106,1,6,1,1,5,5,7,10,26,1
806107,1,6,0,1,10,10,10,11,38,1
806108,1,6,1,1,2,2,2,12,29,1
806109,1,6,0,1,4,4,4,16,27,1
806110,1,6,1,1,4,4,6,4,30,1
806111,1,6,0,1,6,6,7,16,20,1
806112,1,6,1,1,8,8,8,10,40,1
806113,1,6,0,1,10,10,10,18,42,1
806114,1,6,1,1,2,2,2,8,31,1
806115,1,6,0,1,13,13,13,13,36,1
806116,1,6,1,1,2,2,2,7,30,1
806117,1,6,0,1,2,2,2,8,25,1
806118,1,6,1,1,2,2,2,8,23,1
806119,1,6,0,1,5,5,5,13,21,1
806120,1,6,1,1,5,5,7,7,33,1
806121,1,6,0,1,7,7,7,19,32,1
806122,1,6,1,1,2,2,2,6,19,1
806123,1,6,0,1,7,7,7,10,33,1
806124,1,6,1,1,2,2,2,17,33,1
806125,1,6,0,1,5,5,5,15,38,1
806126,1,6,1,1,1,1,1,1,22,1
806127,1,6,0,1,5,5,5,7,24,1
806128,1,6,1,1,6,6,7,13,36,1
806129,1,6,0,1,3,3,3,13,33,1
806130,1,6,1,1,1,1,1,3,14,1
806131,1,6,0,1,6,6,6,6,32,1
806132,1,6,1,1,5,5,7,16,33,1
806133,1,6,0,1,3,3,3,23,35,1
806134,1,6,1,1,9,9,12,10,33,1
806135,1,6,0,1,2,2,2,17,25,1
806136,1,6,1,1,2,2,2,2,28,1
806137,1,6,0,1,3,3,3,9,27,1
806138,1,6,1,1,1,1,1,2,31,1
806139,1,6,0,1,7,7,9,21,36,1
806140,1,6,1,1,2,2,2,2,17,1
806141,1,6,0,1,7,7,7,10,36,1
806142,1,6,1,1,1,1,1,6,30,1
806143,1,6,0,1,6,6,6,19,26,1
806144,1,6,1,1,1,1,1,7,36,1
806145,1,6,0,1,8,8,10,23,34,1
806146,1,6,1,1,1,1,1,3,28,1
806147,1,6,0,1,6,6,6,18,33,1
806148,1,6,1,1,3,3,3,9,32,1
806149,1,6,0,1,10,10,10,16,41,1
809000,1,9,1,1,5,5,5,6,65,1
809001,1,9,0,1,3,3,3,9,40,1
809002,1,9,1,1,4,4,7,8,45,1
809003,1,9,0,1,4,4,4,20,49,1
809004,1,9,1,1,1,1,1,1,45,1
809005,1,9,0,1,2,2,2,11,46,1
809006,1,9,1,1,2,2,2,3,39,1
809007,1,9,0,1,4,4,4,12,51,1
809008,1,9,1,1,3,3,3,7,37,1
809009,1,9,0,1,3,3,3,6,47,1
809010,1,9,1,1,3,3,3,10,47,1
809011,1,9,0,1,3,3,3,19,49,1
809012,1,9,1,1,6,6,9,14,51,1
809013,1,9,0,1,7,7,7,18,56,1
809014,1,9,1,1,4,4,5,13,54,1
809015,1,9,0,1,4,4,5,18,49,1
809016,1,9,1,1,1,1,1,9,42,1
809017,1,9,0,1,6,6,6,8,53,1
809018,1,9,1,1,1,1,1,13,62,1
809019,1,9,0,1,3,3,3,10,29,1
809020,1,9,1,1,1,1,1,7,54,1
809021,1,9,0,1,2,2,2,18,38,1
809022,1,9,1,1,2,2,2,8,42,1
809023,1,9,0,1,8,8,10,15,48,1
809024,1,9,1,1,2,2,2,13,52,1
809025,1,9,0,1,6,6,7,14,52,1
809026,1,9,1,1,2,2,2,7,54,1
809027,1,9,0,1,7,7,9,7,52,1
809028,1,9,1,1,1,1,1,6,21,1
809029,1,9,0,1,5,5,5,13,39,1
809030,1,9,1,1,2,2,2,6,45,1
809031,1,9,0,1,2,2,2,5,38,1
809032,1,9,1,1,2,2,2,3,42,1
809033,1,9,0,1,3,3,3,14,29,1
809034,1,9,1,1,4,4,6,9,52,1
809035,1,9,0,1,3,3,3,20,43,1
809036,1,9,1,1,1,1,1,5,51,1
809037,1,9,0,1,9,9,9,9,57,1
809038,1,9,1,1,1,1,1,1,42,1
809039,1,9,0,1,3,3,3,14,43,1
809040,1,9,1,1,2,2,2,5,42,1
809041,1,9,0,1,5,5,7,15,46,1
809042,1,9,1,1,1,1,1,10,48,1
809043,1,9,0,1,8,8,8,19,57,1
809044,1,9,1,1,1,1,1,20,49,1
809045,1,9,0,1,4,4,4,7,38,1
809046,1,9,1,1,4,4,4,11,54,1
809047,1,9,0,1,4,4,4,18,41,1
809048,1,9,1,1,3,3,3,9,48,1
809049,1,9,0,1,6,6,9,26,47,1
809050,1,9,1,1,2,2,2,2,49,1
809051,1,9,0,1,4,4,4,14,43,1
809052,1,9,1,1,4,4,4,10,44,1
809053,1,9,0,1,2,2,2,14,45,1
809054,1,9,1,1,3,3,3,10,39,1
809055,1,9,0,1,8,8,8,14,52,1
809056,1,9,1,1,1,1,1,1,51,1
809057,1,9,0,1,5,5,5,19,51,1
809058,1,9,1,1,2,2,2,17,48,1
809059,1,9,0,1,2,2,2,8,37,1
809060,1,9,1,1,2,2,2,2,43,1
809061,1,9,0,1,7,7,7,15,52,1
809062,1,9,1,1,1,1,1,6,45,1
809063,1,9,0,1,6,6,8,24,44,1
809064,1,9,1,1,7,7,7,19,49,1
809065,1,9,0,1,6,6,6,19,53,1
809066,1,9,1,1,4,4,4,17,39,1
809067,1,9,0,1,3,3,3,11,39,1
809068,1,9,1,1,1,1,1,5,46,1
809069,1,9,0,1,4,4,4,21,47,1
809070,1,9,1,1,9,9,9,12,60,1
809071,1,9,0,1,3,3,3,7,36,1
809072,1,9,1,1,6,6,6,7,58,1
809073,1,9,0,1,9,9,9,25,55,1
809074,1,9,1,1,1,1,1,10,39,1
809075,1,9,0,1,3,3,3,8,39,1
809076,1,9,1,1,2,2,2,8,51,1
809077,1,9,0,1,4,4,4,9,51,1
809078,1,9,1,1,2,2,3,14,41,1
809079,1,9,0,1,3,3,3,3,40,1
809080,1,9,1,1,1,1,1,14,43,1
809081,1,9,0,1,3,3,3,16,51,1
809082,1,9,1,1,3,3,4,9,41,1
809083,1,9,0,1,5,5,5,16,53,1
809084,1,9,1,1,2,2,2,7,42,1
809085,1,9,0,1,3,3,3,6,48,1
809086,1,9,1,1,1,1,1,1,25,1
809087,1,9,0,1,7,7,7,12,50,1
809088,1,9,1,1,1,1,1,9,32,1
809089,1,9,0,1,2,2,2,21,42,1
809090,1,9,1,1,3,3,3,11,48,1
809091,1,9,0,1,6,6,6,6,42,1
809092,1,9,1,1,4,4,4,9,59,1
809093,1,9,0,1,7,7,7,19,53,1
809094,1,9,1,1,2,2,2,5,38,1
809095,1,9,0,1,5,5,5,13,48,1
809096,1,9,1,1,1,1,1,5,37,1
809097,1,9,0,1,7,7,7,22,48,1
809098,1,9,1,1,1,1,1,4,45,1
809099,1,9,0,1,4,4,4,17,47,1
809100,1,9,1,1,4,4,5,8,50,1
809101,1,9,0,1,2,2,2,21,42,1
809102,1,9,1,1,3,3,3,5,49,1
809103,1,9,0,1,10,10,13,23,57,1
809104,1,9,1,1,3,3,4,6,46,1
809105,1,9,0,1,5,5,6,23,37,1
809106,1,9,1,1,2,2,2,4,49,1
809107,1,9,0,1,8,8,11,11,50,1
809108,1,9,1,1,3,3,4,12,40,1
809109,1,9,0,1,5,5,7,10,34,1
809110,1,9,1,1,2,2,2,7,38,1
809111,1,9,0,1,3,3,3,20,45,1
809112,1,9,1,1,3,3,3,13,35,1
809113,1,9,0,1,9,9,10,32,53,1
809114,1,9,1,1,2,2,2,2,49,1
809115,1,9,0,1,4,4,4,19,51,1
809116,1,9,1,1,1,1,1,18,44,1
809117,1,9,0,1,6,6,6,10,46,1
809118,1,9,1,1,2,2,3,13,43,1
809119,1,9,0,1,3,3,3,12,40,1
809120,1,9,1,1,2,2,2,7,43,1
809121,1,9,0,1,2,2,2,5,32,1
809122,1,9,1,1,2,2,2,14,40,1
809123,1,9,0,1,3,3,4,13,36,1
809124,1,9,1,1,2,2,2,2,43,1
809125,1,9,0,1,3,3,3,12,38,1
809126,1,9,1,1,1,1,1,3,36,1
809127,1,9,0,1,4,4,4,6,46,1
809128,1,9,1,1,7,7,7,11,50,1
809129,1,9,0,1,5,5,5,16,46,1
809130,1,9,1,1,2,2,2,16,43,1
809131,1,9,0,1,4,4,4,27,34,1
809132,1,9,1,1,1,1,1,10,38,1
809133,1,9,0,1,4,4,4,13,48,1
809134,1,9,1,1,2,2,2,2,46,1
809135,1,9,0,1,4,4,4,8,32,1
809136,1,9,1,1,1,1,1,15,37,1
809137,1,9,0,1,6,6,6,25,57,1
809138,1,9,1,1,6,6,7,9,56,1
809139,1,9,0,1,2,2,2,17,42,1
809140,1,9,1,1,5,5,6,14,45,1
809141,1,9,0,1,6,6,6,24,55,1
809142,1,9,1,1,1,1,1,5,48,1
809143,1,9,0,1,2,2,2,18,41,1
809144,1,9,1,1,1,1,1,9,32,1
809145,1,9,0,1,8,8,8,18,50,1
809146,1,9,1,1,2,2,2,9,54,1
809147,1,9,0,1,3,3,3,7,41,1
809148,1,9,1,1,3,3,3,8,47,1
809149,1,9,0,1,7,7,7,15,42,1
906000,2,6,1,1,13,13,16,15,19,1
906001,2,6,0,1,13,13,16,16,33,1
906002,2,6,1,0,,,,,,1
906003,2,6,0,1,19,19,21,26,27,1
906004,2,6,1,1,10,10,10,33,33,1
906005,2,6,0,1,7,7,7,16,22,1
906006,2,6,1,0,,,,,,1
906007,2,6,0,1,21,21,21,32,40,1
906008,2,6,1,0,,,,,,1
906009,2,6,0,1,13,13,13,21,32,1
906010,2,6,1,0,,,,,,1
906011,2,6,0,0,,,,,,1
906012,2,6,1,0,,,,,,1
906013,2,6,0,1,8,8,8,25,32,1
906014,2,6,1,1,5,5,5,19,22,1
906015,2,6,0,0,,,,,,1
906016,2,6,1,1,17,17,18,19,36,1
906017,2,6,0,1,15,15,17,23,28,1
906018,2,6,1,1,8,8,8,25,25,1
906019,2,6,0,1,18,18,19,24,32,1
906020,2,6,1,1,9,9,11,9,30,1
906021,2,6,0,0,,,,,,1
906022,2,6,1,1,16,16,16,22,37,1
906023,2,6,0,0,,,,,,1
906024,2,6,1,1,5,5,5,7,28,1
906025,2,6,0,1,17,17,17,33,42,1
906026,2,6,1,1,3,3,3,4,21,1
906027,2,6,0,0,,,,,,1
906028,2,6,1,1,19,19,20,30,31,1
906029,2,6,0,1,12,12,12,21,35,1
906030,2,6,1,1,13,13,17,32,32,1
906031,2,6,0,1,15,15,15,21,37,1
906032,2,6,1,1,15,15,15,41,41,1
906033,2,6,0,1,16,16,16,28,28,1
906034,2,6,1,0,,,,,,1
906035,2,6,0,1,12,12,18,21,27,1
906036,2,6,1,1,8,8,8,12,23,1
906037,2,6,0,1,18,18,18,18,28,1
906038,2,6,1,1,10,10,11,17,31,1
906039,2,6,0,0,,,,,,1
906040,2,6,1,1,8,8,10,22,30,1
906041,2,6,0,0,,,,,,1
906042,2,6,1,1,13,13,13,18,22,1
906043,2,6,0,1,8,8,8,19,23,1
906044,2,6,1,0,,,,,,1
906045,2,6,0,0,,,,,,1
906046,2,6,1,0,,,,,,1
906047,2,6,0,1,18,18,20,20,37,1
906048,2,6,1,0,,,,,,1
906049,2,6,0,1,12,12,13,12,25,1
906050,2,6,1,0,,,,,,1
906051,2,6,0,1,17,17,17,36,36,1
906052,2,6,1,0,,,,,,1
906053,2,6,0,0,,,,,,1
906054,2,6,1,1,15,15,15,21,32,1
906055,2,6,0,1,15,15,15,39,39,1
906056,2,6,1,1,13,13,14,22,34,1
906057,2,6,0,0,,,,,,1
906058,2,6,1,1,8,8,8,9,20,1
906059,2,6,0,0,,,,,,1
906060,2,6,1,1,16,16,16,24,35,1
906061,2,6,0,1,20,20,21,21,24,1
906062,2,6,1,1,15,15,18,24,24,1
906063,2,6,0,1,18,18,18,25,42,1
906064,2,6,1,1,9,9,9,12,32,1
906065,2,6,0,0,,,,,,1
906066,2,6,1,1,23,23,23,33,42,1
906067,2,6,0,1,9,9,9,18,30,1
906068,2,6,1,1,12,12,12,15,24,1
906069,2,6,0,1,15,15,18,16,33,1
906070,2,6,1,0,,,,,,1
906071,2,6,0,0,,,,,,1
906072,2,6,1,0,,,,,,1
906073,2,6,0,0,,,,,,1
906074,2,6,1,1,10,10,11,10,30,1
906075,2,6,0,1,13,13,13,24,30,1
906076,2,6,1,1,6,6,6,26,28,1
906077,2,6,0,1,19,19,19,28,36,1
906078,2,6,1,1,12,12,12,15,32,1
906079,2,6,0,0,,,,,,1
906080,2,6,1,1,29,29,30,35,35,1
906081,2,6,0,1,19,19,19,35,42,1
906082,2,6,1,1,10,10,10,23,23,1
906083,2,6,0,0,,,,,,1
906084,2,6,1,0,,,,,,1
906085,2,6,0,1,11,11,11,19,26,1
906086,2,6,1,1,11,11,12,12,29,1
906087,2,6,0,1,17,17,17,17,41,1
906088,2,6,1,1,3,3,3,14,27,1
906089,2,6,0,0,,,,,,1
906090,2,6,1,1,4,4,4,4,28,1
906091,2,6,0,1,5,5,5,25,25,1
906092,2,6,1,1,9,9,9,24,32,1
906093,2,6,0,1,13,13,16,15,24,1
906094,2,6,1,0,,,,,,1
906095,2,6,0,0,,,,,,1
906096,2,6,1,1,8,8,8,19,28,1
906097,2,6,0,1,18,18,24,27,29,1
906098,2,6,1,0,,,,,,1
906099,2,6,0,1,9,9,12,21,21,1
906100,2,6,1,0,,,,,,1
906101,2,6,0,0,,,,,,1
906102,2,6,1,1,4,4,4,15,32,1
906103,2,6,0,0,,,,,,1
906104,2,6,1,1,15,15,15,26,31,1
906105,2,6,0,0,,,,,,1
906106,2,6,1,1,16,16,16,20,32,1
906107,2,6,0,1,14,14,19,26,26,1
906108,2,6,1,1,8,8,8,15,28,1
906109,2,6,0,1,16,16,16,27,36,1
906110,2,6,1,1,6,6,6,20,24,1
906111,2,6,0,0,,,,,,1
906112,2,6,1,1,9,9,9,28,30,1
906113,2,6,0,0,,,,,,1
906114,2,6,1,0,,,,,,1
906115,2,6,0,1,18,18,21,27,28,1
906116,2,6,1,1,13,13,13,32,37,1
906117,2,6,0,1,19,19,24,25,35,1
906118,2,6,1,0,,,,,,1
906119,2,6,0,0,,,,,,1
906120,2,6,1,1,4,4,4,4,35,1
906121,2,6,0,0,,,,,,1
906122,2,6,1,1,10,10,10,19,24,1
906123,2,6,0,0,,,,,,1
906124,2,6,1,1,4,4,4,23,29,1
906125,2,6,0,1,15,15,15,35,35,1
906126,2,6,1,1,12,12,12,12,26,1
906127,2,6,0,1,21,21,25,21,42,1
906128,2,6,1,1,16,16,16,29,29,1
906129,2,6,0,1,9,9,9,28,28,1
906130,2,6,1,1,4,4,4,9,16,1
906131,2,6,0,1,14,14,16,23,32,1
906132,2,6,1,0,,,,,,1
906133,2,6,0,1,9,9,9,32,32,1
906134,2,6,1,1,11,11,11,15,26,1
906135,2,6,0,1,17,17,18,31,31,1
906136,2,6,1,1,11,11,11,11,37,1
906137,2,6,0,1,8,8,8,22,28,1
906138,2,6,1,1,13,13,13,28,45,1
906139,2,6,0,1,24,24,24,36,36,1
906140,2,6,1,0,,,,,,1
906141,2,6,0,1,11,11,11,22,22,1
906142,2,6,1,0,,,,,,1
906143,2,6,0,1,11,11,12,17,27,1
906144,2,6,1,0,,,,,,1
906145,2,6,0,1,16,16,16,30,30,1
906146,2,6,1,0,,,,,,1
906147,2,6,0,0,,,,,,1
906148,2,6,1,1,11,11,14,21,34,1
906149,2,6,0,0,,,,,,1
909000,2,9,1,1,13,13,18,50,53,1
909001,2,9,0,1,5,5,5,19,29,1
909002,2,9,1,1,6,6,6,13,32,1
909003,2,9,0,1,12,12,15,35,48,1
909004,2,9,1,1,14,14,14,35,49,1
909005,2,9,0,1,9,9,10,15,40,1
909006,2,9,1,1,8,8,11,17,50,1
909007,2,9,0,1,10,10,10,13,44,1
909008,2,9,1,1,13,13,15,21,56,1
909009,2,9,0,1,14,14,15,41,45,1
909010,2,9,1,1,2,2,2,17,37,1
909011,2,9,0,1,12,12,13,21,47,1
909012,2,9,1,1,12,12,12,30,47,1
909013,2,9,0,0,,,,,,1
909014,2,9,1,1,9,9,9,17,38,1
909015,2,9,0,1,9,9,9,38,49,1
909016,2,9,1,1,9,9,9,18,49,1
909017,2,9,0,1,11,11,15,15,42,1
909018,2,9,1,1,3,3,3,13,47,1
909019,2,9,0,1,4,4,4,38,38,1
909020,2,9,1,0,,,,,,1
909021,2,9,0,1,11,11,13,43,45,1
909022,2,9,1,1,13,13,15,39,62,1
909023,2,9,0,1,10,10,10,27,42,1
909024,2,9,1,1,9,9,11,20,58,1
909025,2,9,0,1,15,15,16,29,42,1
909026,2,9,1,1,5,5,5,30,45,1
909027,2,9,0,1,6,6,6,20,39,1
909028,2,9,1,1,10,10,13,10,45,1
909029,2,9,0,1,18,18,19,24,61,1
909030,2,9,1,1,19,19,19,34,54,1
909031,2,9,0,0,,,,,,1
909032,2,9,1,1,10,10,14,15,58,1
909033,2,9,0,1,6,6,6,15,43,1
909034,2,9,1,1,8,8,8,30,46,1
909035,2,9,0,1,9,9,10,23,35,1
909036,2,9,1,1,6,6,6,31,52,1
909037,2,9,0,1,12,12,13,35,52,1
909038,2,9,1,1,4,4,4,14,32,1
909039,2,9,0,1,13,13,13,23,39,1
909040,2,9,1,1,7,7,9,29,30,1
909041,2,9,0,0,,,,,,1
909042,2,9,1,1,14,14,14,52,61,1
909043,2,9,0,1,13,13,14,19,53,1
909044,2,9,1,1,11,11,16,43,51,1
909045,2,9,0,1,18,18,18,28,61,1
909046,2,9,1,1,6,6,6,19,46,1
909047,2,9,0,1,8,8,9,23,41,1
909048,2,9,1,1,8,8,8,16,53,1
909049,2,9,0,1,7,7,8,41,47,1
909050,2,9,1,1,6,6,6,26,56,1
909051,2,9,0,1,7,7,7,9,48,1
909052,2,9,1,1,13,13,13,14,45,1
909053,2,9,0,1,9,9,9,27,46,1
909054,2,9,1,1,8,8,8,19,53,1
909055,2,9,0,1,10,10,10,26,50,1
909056,2,9,1,1,9,9,9,16,50,1
909057,2,9,0,1,11,11,12,21,28,1
909058,2,9,1,1,4,4,4,21,47,1
909059,2,9,0,1,11,11,14,14,36,1
909060,2,9,1,1,7,7,7,16,53,1
909061,2,9,0,1,16,16,16,40,53,1
909062,2,9,1,1,4,4,4,10,42,1
909063,2,9,0,1,8,8,8,23,51,1
909064,2,9,1,1,17,17,17,35,58,1
909065,2,9,0,1,19,19,21,53,62,1
909066,2,9,1,1,2,2,2,15,33,1
909067,2,9,0,1,10,10,10,39,53,1
909068,2,9,1,1,5,5,5,14,38,1
909069,2,9,0,1,4,4,5,32,42,1
909070,2,9,1,1,5,5,5,34,45,1
909071,2,9,0,1,9,9,9,25,43,1
909072,2,9,1,1,14,14,16,30,45,1
909073,2,9,0,1,15,15,15,32,57,1
909074,2,9,1,1,11,11,11,35,51,1
909075,2,9,0,1,13,13,13,38,50,1
909076,2,9,1,1,4,4,6,19,45,1
909077,2,9,0,1,9,9,9,34,50,1
909078,2,9,1,1,3,3,4,28,31,1
909079,2,9,0,1,14,14,14,24,48,1
909080,2,9,1,1,8,8,9,27,30,1
909081,2,9,0,1,6,6,6,31,37,1
909082,2,9,1,0,,,,,,1
909083,2,9,0,1,7,7,7,22,35,1
909084,2,9,1,1,3,3,3,18,42,1
909085,2,9,0,1,8,8,8,33,43,1
909086,2,9,1,1,6,6,6,49,53,1
909087,2,9,0,1,12,12,14,28,51,1
909088,2,9,1,1,7,7,7,37,58,1
909089,2,9,0,0,,,,,,1
909090,2,9,1,1,9,9,10,17,51,1
909091,2,9,0,1,14,14,15,34,48,1
909092,2,9,1,1,8,8,8,11,42,1
909093,2,9,0,0,,,,,,1
909094,2,9,1,1,9,9,11,24,43,1
909095,2,9,0,1,15,15,16,41,41,1
909096,2,9,1,1,7,7,7,40,50,1
909097,2,9,0,1,7,7,7,22,41,1
909098,2,9,1,1,5,5,5,34,54,1
909099,2,9,0,0,,,,,,1
909100,2,9,1,1,2,2,2,10,38,1
909101,2,9,0,1,9,9,10,21,34,1
909102,2,9,1,1,7,7,7,14,37,1
909103,2,9,0,1,16,16,18,35,44,1
909104,2,9,1,1,9,9,9,24,55,1
909105,2,9,0,1,14,14,16,21,40,1
909106,2,9,1,1,7,7,7,23,38,1
909107,2,9,0,1,5,5,5,21,37,1
909108,2,9,1,1,5,5,5,24,44,1
909109,2,9,0,1,9,9,10,24,43,1
909110,2,9,1,1,7,7,7,41,47,1
909111,2,9,0,1,13,13,13,30,52,1
909112,2,9,1,1,10,10,10,47,53,1
909113,2,9,0,1,7,7,7,7,54,1
909114,2,9,1,1,4,4,4,23,41,1
909115,2,9,0,1,9,9,9,38,53,1
909116,2,9,1,1,18,18,18,47,47,1
909117,2,9,0,1,11,11,11,26,58,1
909118,2,9,1,1,9,9,9,42,42,1
909119,2,9,0,1,5,5,5,21,43,1
909120,2,9,1,1,7,7,8,13,44,1
909121,2,9,0,1,10,10,10,50,50,1
909122,2,9,1,1,2,2,2,9,43,1
909123,2,9,0,1,16,16,16,48,56,1
909124,2,9,1,1,13,13,15,54,54,1
909125,2,9,0,1,13,13,15,26,51,1
909126,2,9,1,1,17,17,20,37,44,1
909127,2,9,0,1,14,14,14,17,47,1
909128,2,9,1,1,15,15,15,35,59,1
909129,2,9,0,1,16,16,16,40,57,1
909130,2,9,1,1,11,11,11,37,42,1
909131,2,9,0,1,9,9,9,28,48,1
909132,2,9,1,1,6,6,7,13,36,1
909133,2,9,0,1,10,10,10,21,47,1
909134,2,9,1,1,11,11,15,13,40,1
909135,2,9,0,1,10,10,10,45,53,1
909136,2,9,1,1,7,7,7,13,53,1
909137,2,9,0,1,13,13,16,44,51,1
909138,2,9,1,1,8,8,8,38,46,1
909139,2,9,0,0,,,,,,1
909140,2,9,1,1,11,11,13,18,50,1
909141,2,9,0,1,16,16,16,44,53,1
909142,2,9,1,1,9,9,9,18,51,1
909143,2,9,0,1,19,19,22,26,45,1
909144,2,9,1,1,15,15,15,24,53,1
909145,2,9,0,1,10,10,11,17,39,1
909146,2,9,1,1,5,5,7,18,41,1
909147,2,9,0,1,6,6,7,30,34,1
909148,2,9,1,1,8,8,8,18,52,1
909149,2,9,0,1,11,11,11,30,48,1
