repetition,scenario,defense,queries,abstract_query_cost,abstract_latency_ms,simulated_realistic_latency_ms
0,benign_standard,AP2_ONLY,0,0,3.6227,0.0
0,benign_standard,MAJORITY,5,14,50.1682,309.0405
0,benign_standard,TTL,0,0,2.7712,0.0
0,benign_standard,FULL,5,14,18.607,335.5518
0,benign_standard,CWR,0,0,32.2143,0.0
0,benign_standard,DFMR,0,0,2.7023,0.0
0,benign_cached,AP2_ONLY,0,0,2.5059,0.0
0,benign_cached,MAJORITY,5,14,45.5246,455.5489
0,benign_cached,TTL,0,0,2.3986,0.0
0,benign_cached,FULL,5,14,44.8875,301.9181
0,benign_cached,CWR,0,0,13.5008,0.0
0,benign_cached,DFMR,0,0,2.4356,0.0
0,benign_one_source_outage,AP2_ONLY,0,0,14.097,0.0
0,benign_one_source_outage,MAJORITY,5,14,26.229,193.2461
0,benign_one_source_outage,TTL,0,0,2.4123,0.0
0,benign_one_source_outage,FULL,5,14,21.6476,618.5087
0,benign_one_source_outage,CWR,0,0,2.3444,0.0
0,benign_one_source_outage,DFMR,0,0,2.9285,0.0
0,benign_two_independent_outages,AP2_ONLY,0,0,3.0889,0.0
0,benign_two_independent_outages,MAJORITY,5,14,12.3077,297.9862
0,benign_two_independent_outages,TTL,0,0,2.581,0.0
0,benign_two_independent_outages,FULL,5,14,6.1228,391.8398
0,benign_two_independent_outages,CWR,3,10,4.2869,303.0494
0,benign_two_independent_outages,DFMR,5,14,10.0669,900.7619
0,prompt_injection,AP2_ONLY,0,0,2.5896,0.0
0,prompt_injection,MAJORITY,5,14,47.4862,424.9965
0,prompt_injection,TTL,0,0,1.7864,0.0
0,prompt_injection,FULL,5,14,29.1264,521.4754
0,prompt_injection,CWR,3,10,43.2662,239.3251
0,prompt_injection,DFMR,0,0,1.6138,0.0
0,role_tag_injection,AP2_ONLY,0,0,12.9563,0.0
0,role_tag_injection,MAJORITY,5,14,13.2857,194.6184
0,role_tag_injection,TTL,0,0,1.6268,0.0
0,role_tag_injection,FULL,5,14,23.0672,301.5355
0,role_tag_injection,CWR,3,10,12.6973,304.7697
0,role_tag_injection,DFMR,3,10,45.8262,410.769
0,semantic_substitution,AP2_ONLY,0,0,3.2761,0.0
0,semantic_substitution,MAJORITY,5,14,6.5146,312.8458
0,semantic_substitution,TTL,0,0,1.6526,0.0
0,semantic_substitution,FULL,5,14,5.3335,440.6597
0,semantic_substitution,CWR,3,10,27.6075,251.827
0,semantic_substitution,DFMR,0,0,1.9161,0.0
0,shared_provenance,AP2_ONLY,0,0,2.457,0.0
0,shared_provenance,MAJORITY,5,14,13.1906,495.438
0,shared_provenance,TTL,0,0,1.6561,0.0
0,shared_provenance,FULL,5,14,25.9878,158.5873
0,shared_provenance,CWR,3,10,15.8357,153.8522
0,shared_provenance,DFMR,3,10,47.8061,457.4422
0,stale_evidence,AP2_ONLY,0,0,2.7831,0.0
0,stale_evidence,MAJORITY,5,14,47.3979,209.897
0,stale_evidence,TTL,0,0,4.5326,0.0
0,stale_evidence,FULL,5,14,9.3902,140.0656
0,stale_evidence,CWR,3,10,7.0008,163.0388
0,stale_evidence,DFMR,3,10,13.7963,519.9903
0,version_race,AP2_ONLY,0,0,4.5517,0.0
0,version_race,MAJORITY,5,14,10.2361,336.6897
0,version_race,TTL,0,0,4.8644,0.0
0,version_race,FULL,5,14,9.8971,624.2151
0,version_race,CWR,0,0,3.0153,0.0
0,version_race,DFMR,0,0,2.8744,0.0
0,evidence_denial,AP2_ONLY,0,0,15.1169,0.0
0,evidence_denial,MAJORITY,5,14,48.5393,176.9844
0,evidence_denial,TTL,0,0,2.6889,0.0
0,evidence_denial,FULL,5,14,9.919,620.8118
0,evidence_denial,CWR,3,10,8.1329,234.8817
0,evidence_denial,DFMR,5,14,16.864,1570.0899
0,amount_mutation,AP2_ONLY,0,0,2.8558,0.0
0,amount_mutation,MAJORITY,0,0,3.0167,0.0
0,amount_mutation,TTL,0,0,2.8122,0.0
0,amount_mutation,FULL,0,0,2.7912,0.0
0,amount_mutation,CWR,0,0,2.6512,0.0
0,amount_mutation,DFMR,0,0,2.4978,0.0
0,merchant_substitution,AP2_ONLY,0,0,2.6389,0.0
0,merchant_substitution,MAJORITY,0,0,3.1811,0.0
0,merchant_substitution,TTL,0,0,3.0011,0.0
0,merchant_substitution,FULL,0,0,2.8415,0.0
0,merchant_substitution,CWR,0,0,2.5663,0.0
0,merchant_substitution,DFMR,0,0,2.6935,0.0
0,currency_substitution,AP2_ONLY,0,0,3.0441,0.0
0,currency_substitution,MAJORITY,0,0,2.6481,0.0
0,currency_substitution,TTL,0,0,3.0459,0.0
0,currency_substitution,FULL,0,0,3.155,0.0
0,currency_substitution,CWR,0,0,2.896,0.0
0,currency_substitution,DFMR,0,0,3.0911,0.0
0,evidence_signature_tampering,AP2_ONLY,0,0,4.6592,0.0
0,evidence_signature_tampering,MAJORITY,5,14,15.9121,282.6609
0,evidence_signature_tampering,TTL,0,0,2.7481,0.0
0,evidence_signature_tampering,FULL,5,14,48.704,306.0942
0,evidence_signature_tampering,CWR,3,10,7.117,262.9566
0,evidence_signature_tampering,DFMR,5,14,17.5647,555.1737
0,ap2_token_tampering,AP2_ONLY,0,0,0.0678,0.0
0,ap2_token_tampering,MAJORITY,0,0,0.0689,0.0
0,ap2_token_tampering,TTL,0,0,0.0812,0.0
0,ap2_token_tampering,FULL,0,0,0.0679,0.0
0,ap2_token_tampering,CWR,0,0,0.0822,0.0
0,ap2_token_tampering,DFMR,0,0,0.0631,0.0
0,ap2_nonce_replay,AP2_ONLY,0,0,1.4745,0.0
0,ap2_nonce_replay,MAJORITY,0,0,1.2544,0.0
0,ap2_nonce_replay,TTL,0,0,1.2627,0.0
0,ap2_nonce_replay,FULL,0,0,1.3812,0.0
0,ap2_nonce_replay,CWR,0,0,1.1631,0.0
0,ap2_nonce_replay,DFMR,0,0,1.2629,0.0
0,ap2_audience_confusion,AP2_ONLY,0,0,1.2278,0.0
0,ap2_audience_confusion,MAJORITY,0,0,1.4689,0.0
0,ap2_audience_confusion,TTL,0,0,1.2793,0.0
0,ap2_audience_confusion,FULL,0,0,1.3773,0.0
0,ap2_audience_confusion,CWR,0,0,1.3247,0.0
0,ap2_audience_confusion,DFMR,0,0,1.427,0.0
0,ap2_transaction_swap,AP2_ONLY,0,0,2.9635,0.0
0,ap2_transaction_swap,MAJORITY,0,0,2.7789,0.0
0,ap2_transaction_swap,TTL,0,0,2.7934,0.0
0,ap2_transaction_swap,FULL,0,0,3.2129,0.0
0,ap2_transaction_swap,CWR,0,0,2.622,0.0
0,ap2_transaction_swap,DFMR,0,0,2.7004,0.0
0,fault_budget_exceeded,AP2_ONLY,0,0,4.1451,0.0
0,fault_budget_exceeded,MAJORITY,5,14,10.4684,346.077
0,fault_budget_exceeded,TTL,0,0,3.0405,0.0
0,fault_budget_exceeded,FULL,5,14,15.6567,336.0258
0,fault_budget_exceeded,CWR,2,5,38.1003,159.2116
0,fault_budget_exceeded,DFMR,2,5,11.8606,293.4567
0,hidden_shared_dependency,AP2_ONLY,0,0,3.8903,0.0
0,hidden_shared_dependency,MAJORITY,5,14,10.0408,705.9017
0,hidden_shared_dependency,TTL,0,0,2.8267,0.0
0,hidden_shared_dependency,FULL,5,14,9.1628,360.4486
0,hidden_shared_dependency,CWR,2,3,6.834,136.7214
0,hidden_shared_dependency,DFMR,2,3,10.5534,241.5525
1,benign_standard,AP2_ONLY,0,0,4.2472,0.0
1,benign_standard,MAJORITY,5,14,10.74,439.3121
1,benign_standard,TTL,0,0,20.0619,0.0
1,benign_standard,FULL,5,14,34.6803,545.1271
1,benign_standard,CWR,0,0,4.4648,0.0
1,benign_standard,DFMR,0,0,4.0861,0.0
1,benign_cached,AP2_ONLY,0,0,4.0774,0.0
1,benign_cached,MAJORITY,5,14,11.0064,737.9237
1,benign_cached,TTL,0,0,4.2918,0.0
1,benign_cached,FULL,5,14,10.8414,459.8119
1,benign_cached,CWR,0,0,4.1869,0.0
1,benign_cached,DFMR,0,0,4.6973,0.0
1,benign_one_source_outage,AP2_ONLY,0,0,4.2398,0.0
1,benign_one_source_outage,MAJORITY,5,14,23.0623,172.9913
1,benign_one_source_outage,TTL,0,0,5.3469,0.0
1,benign_one_source_outage,FULL,5,14,56.8906,125.2304
1,benign_one_source_outage,CWR,0,0,4.2599,0.0
1,benign_one_source_outage,DFMR,0,0,4.3754,0.0
1,benign_two_independent_outages,AP2_ONLY,0,0,4.0227,0.0
1,benign_two_independent_outages,MAJORITY,5,14,10.6141,480.062
1,benign_two_independent_outages,TTL,0,0,4.3991,0.0
1,benign_two_independent_outages,FULL,5,14,9.4641,187.8381
1,benign_two_independent_outages,CWR,3,10,7.3829,447.2131
1,benign_two_independent_outages,DFMR,5,14,27.6412,854.7202
1,prompt_injection,AP2_ONLY,0,0,19.8473,0.0
1,prompt_injection,MAJORITY,5,14,9.8848,237.6444
1,prompt_injection,TTL,0,0,2.5423,0.0
1,prompt_injection,FULL,5,14,9.3775,319.8445
1,prompt_injection,CWR,3,10,7.4727,198.5711
1,prompt_injection,DFMR,0,0,3.197,0.0
1,role_tag_injection,AP2_ONLY,0,0,4.6089,0.0
1,role_tag_injection,MAJORITY,5,14,10.6088,189.6852
1,role_tag_injection,TTL,0,0,2.7491,0.0
1,role_tag_injection,FULL,5,14,61.7336,145.9419
1,role_tag_injection,CWR,3,10,59.4373,489.9309
1,role_tag_injection,DFMR,3,10,36.0542,475.9486
1,semantic_substitution,AP2_ONLY,0,0,3.9111,0.0
1,semantic_substitution,MAJORITY,5,14,30.7089,246.0457
1,semantic_substitution,TTL,0,0,2.6483,0.0
1,semantic_substitution,FULL,5,14,60.8526,285.1744
1,semantic_substitution,CWR,3,10,12.918,318.0453
1,semantic_substitution,DFMR,0,0,2.9189,0.0
1,shared_provenance,AP2_ONLY,0,0,16.6804,0.0
1,shared_provenance,MAJORITY,5,14,8.8837,258.5577
1,shared_provenance,TTL,0,0,2.7689,0.0
1,shared_provenance,FULL,5,14,32.224,1179.2522
1,shared_provenance,CWR,3,10,17.3294,514.5683
1,shared_provenance,DFMR,3,10,11.7449,412.5205
1,stale_evidence,AP2_ONLY,0,0,3.9149,0.0
1,stale_evidence,MAJORITY,5,14,21.3752,1341.8869
1,stale_evidence,TTL,0,0,4.3365,0.0
1,stale_evidence,FULL,5,14,30.1224,468.2959
1,stale_evidence,CWR,3,10,7.2668,170.8031
1,stale_evidence,DFMR,3,10,14.1366,353.6118
1,version_race,AP2_ONLY,0,0,3.7699,0.0
1,version_race,MAJORITY,5,14,21.4314,256.9921
1,version_race,TTL,0,0,3.8442,0.0
1,version_race,FULL,5,14,30.0357,247.5459
1,version_race,CWR,0,0,2.9379,0.0
1,version_race,DFMR,0,0,2.9125,0.0
1,evidence_denial,AP2_ONLY,0,0,12.6384,0.0
1,evidence_denial,MAJORITY,5,14,9.344,262.8096
1,evidence_denial,TTL,0,0,2.8404,0.0
1,evidence_denial,FULL,5,14,14.516,335.2084
1,evidence_denial,CWR,3,10,7.5588,175.8844
1,evidence_denial,DFMR,5,14,52.2099,829.7112
1,amount_mutation,AP2_ONLY,0,0,2.6489,0.0
1,amount_mutation,MAJORITY,0,0,2.6498,0.0
1,amount_mutation,TTL,0,0,2.7288,0.0
1,amount_mutation,FULL,0,0,2.6672,0.0
1,amount_mutation,CWR,0,0,13.4745,0.0
1,amount_mutation,DFMR,0,0,2.5225,0.0
1,merchant_substitution,AP2_ONLY,0,0,2.5575,0.0
1,merchant_substitution,MAJORITY,0,0,2.752,0.0
1,merchant_substitution,TTL,0,0,2.6429,0.0
1,merchant_substitution,FULL,0,0,2.5067,0.0
1,merchant_substitution,CWR,0,0,3.2541,0.0
1,merchant_substitution,DFMR,0,0,3.0387,0.0
1,currency_substitution,AP2_ONLY,0,0,3.1726,0.0
1,currency_substitution,MAJORITY,0,0,2.7954,0.0
1,currency_substitution,TTL,0,0,2.7937,0.0
1,currency_substitution,FULL,0,0,2.8239,0.0
1,currency_substitution,CWR,0,0,2.9191,0.0
1,currency_substitution,DFMR,0,0,2.6834,0.0
1,evidence_signature_tampering,AP2_ONLY,0,0,4.2395,0.0
1,evidence_signature_tampering,MAJORITY,5,14,54.225,302.8126
1,evidence_signature_tampering,TTL,0,0,2.9608,0.0
1,evidence_signature_tampering,FULL,5,14,14.8343,323.4496
1,evidence_signature_tampering,CWR,3,10,7.9088,292.2973
1,evidence_signature_tampering,DFMR,5,14,33.9631,790.5701
1,ap2_token_tampering,AP2_ONLY,0,0,0.0703,0.0
1,ap2_token_tampering,MAJORITY,0,0,0.0888,0.0
1,ap2_token_tampering,TTL,0,0,0.0601,0.0
1,ap2_token_tampering,FULL,0,0,0.0669,0.0
1,ap2_token_tampering,CWR,0,0,0.0697,0.0
1,ap2_token_tampering,DFMR,0,0,0.0647,0.0
1,ap2_nonce_replay,AP2_ONLY,0,0,1.8956,0.0
1,ap2_nonce_replay,MAJORITY,0,0,1.3688,0.0
1,ap2_nonce_replay,TTL,0,0,1.959,0.0
1,ap2_nonce_replay,FULL,0,0,1.4093,0.0
1,ap2_nonce_replay,CWR,0,0,1.2681,0.0
1,ap2_nonce_replay,DFMR,0,0,1.3617,0.0
1,ap2_audience_confusion,AP2_ONLY,0,0,0.9567,0.0
1,ap2_audience_confusion,MAJORITY,0,0,0.8901,0.0
1,ap2_audience_confusion,TTL,0,0,0.8638,0.0
1,ap2_audience_confusion,FULL,0,0,0.7948,0.0
1,ap2_audience_confusion,CWR,0,0,0.8032,0.0
1,ap2_audience_confusion,DFMR,0,0,0.8387,0.0
1,ap2_transaction_swap,AP2_ONLY,0,0,1.5792,0.0
1,ap2_transaction_swap,MAJORITY,0,0,2.5007,0.0
1,ap2_transaction_swap,TTL,0,0,1.6349,0.0
1,ap2_transaction_swap,FULL,0,0,1.6308,0.0
1,ap2_transaction_swap,CWR,0,0,1.8108,0.0
1,ap2_transaction_swap,DFMR,0,0,1.9216,0.0
1,fault_budget_exceeded,AP2_ONLY,0,0,15.3712,0.0
1,fault_budget_exceeded,MAJORITY,5,14,65.3619,164.7572
1,fault_budget_exceeded,TTL,0,0,1.674,0.0
1,fault_budget_exceeded,FULL,5,14,77.4117,282.3472
1,fault_budget_exceeded,CWR,2,5,48.1818,290.9863
1,fault_budget_exceeded,DFMR,2,5,32.2046,412.9381
1,hidden_shared_dependency,AP2_ONLY,0,0,3.3698,0.0
1,hidden_shared_dependency,MAJORITY,5,14,65.8211,205.9055
1,hidden_shared_dependency,TTL,0,0,1.7156,0.0
1,hidden_shared_dependency,FULL,5,14,47.9319,286.525
1,hidden_shared_dependency,CWR,2,3,14.9557,178.3201
1,hidden_shared_dependency,DFMR,2,3,20.5173,241.6538
2,benign_standard,AP2_ONLY,0,0,3.1696,0.0
2,benign_standard,MAJORITY,5,14,50.5125,240.0724
2,benign_standard,TTL,0,0,13.4336,0.0
2,benign_standard,FULL,5,14,53.5405,173.0893
2,benign_standard,CWR,0,0,13.0956,0.0
2,benign_standard,DFMR,0,0,13.8537,0.0
2,benign_cached,AP2_ONLY,0,0,17.2251,0.0
2,benign_cached,MAJORITY,5,14,66.3576,221.9914
2,benign_cached,TTL,0,0,3.2007,0.0
2,benign_cached,FULL,5,14,78.3865,528.2355
2,benign_cached,CWR,0,0,4.0637,0.0
2,benign_cached,DFMR,0,0,3.125,0.0
2,benign_one_source_outage,AP2_ONLY,0,0,17.8387,0.0
2,benign_one_source_outage,MAJORITY,5,14,45.4626,309.6463
2,benign_one_source_outage,TTL,0,0,2.9148,0.0
2,benign_one_source_outage,FULL,5,14,6.8117,326.3555
2,benign_one_source_outage,CWR,0,0,2.8562,0.0
2,benign_one_source_outage,DFMR,0,0,2.6906,0.0
2,benign_two_independent_outages,AP2_ONLY,0,0,2.55,0.0
2,benign_two_independent_outages,MAJORITY,5,14,38.7529,170.1946
2,benign_two_independent_outages,TTL,0,0,2.8772,0.0
2,benign_two_independent_outages,FULL,5,14,57.6094,204.4426
2,benign_two_independent_outages,CWR,3,10,31.6423,298.9274
2,benign_two_independent_outages,DFMR,5,14,45.6049,694.088
2,prompt_injection,AP2_ONLY,0,0,2.6265,0.0
2,prompt_injection,MAJORITY,5,14,13.391,377.6887
2,prompt_injection,TTL,0,0,1.7172,0.0
2,prompt_injection,FULL,5,14,62.6404,423.1518
2,prompt_injection,CWR,3,10,45.0322,318.9374
2,prompt_injection,DFMR,0,0,1.9862,0.0
2,role_tag_injection,AP2_ONLY,0,0,13.442,0.0
2,role_tag_injection,MAJORITY,5,14,54.2055,336.5897
2,role_tag_injection,TTL,0,0,1.7205,0.0
2,role_tag_injection,FULL,5,14,45.1755,280.4599
2,role_tag_injection,CWR,3,10,44.9248,127.9975
2,role_tag_injection,DFMR,3,10,30.0706,619.2736
2,semantic_substitution,AP2_ONLY,0,0,7.4512,0.0
2,semantic_substitution,MAJORITY,5,14,33.7982,273.2766
2,semantic_substitution,TTL,0,0,3.7818,0.0
2,semantic_substitution,FULL,5,14,63.5431,188.9061
2,semantic_substitution,CWR,3,10,7.7681,234.5908
2,semantic_substitution,DFMR,0,0,2.8284,0.0
2,shared_provenance,AP2_ONLY,0,0,5.5556,0.0
2,shared_provenance,MAJORITY,5,14,43.3464,272.5928
2,shared_provenance,TTL,0,0,2.6609,0.0
2,shared_provenance,FULL,5,14,14.2684,193.9393
2,shared_provenance,CWR,3,10,6.6221,443.8407
2,shared_provenance,DFMR,3,10,24.1095,537.0482
2,stale_evidence,AP2_ONLY,0,0,4.7256,0.0
2,stale_evidence,MAJORITY,5,14,12.195,497.4896
2,stale_evidence,TTL,0,0,4.7888,0.0
2,stale_evidence,FULL,5,14,48.4066,269.1496
2,stale_evidence,CWR,3,10,32.288,379.3833
2,stale_evidence,DFMR,3,10,48.2877,537.8827
2,version_race,AP2_ONLY,0,0,4.7115,0.0
2,version_race,MAJORITY,5,14,61.2197,407.0721
2,version_race,TTL,0,0,25.0961,0.0
2,version_race,FULL,5,14,75.5865,260.1697
2,version_race,CWR,0,0,2.9144,0.0
2,version_race,DFMR,0,0,2.9418,0.0
2,evidence_denial,AP2_ONLY,0,0,4.1167,0.0
2,evidence_denial,MAJORITY,5,14,9.9865,237.3401
2,evidence_denial,TTL,0,0,3.0696,0.0
2,evidence_denial,FULL,5,14,42.9774,155.2391
2,evidence_denial,CWR,3,10,7.9276,227.3536
2,evidence_denial,DFMR,5,14,33.7259,1482.764
2,amount_mutation,AP2_ONLY,0,0,3.3078,0.0
2,amount_mutation,MAJORITY,0,0,2.9221,0.0
2,amount_mutation,TTL,0,0,2.993,0.0
2,amount_mutation,FULL,0,0,3.3784,0.0
2,amount_mutation,CWR,0,0,3.0266,0.0
2,amount_mutation,DFMR,0,0,3.3305,0.0
2,merchant_substitution,AP2_ONLY,0,0,2.8449,0.0
2,merchant_substitution,MAJORITY,0,0,2.9911,0.0
2,merchant_substitution,TTL,0,0,2.8719,0.0
2,merchant_substitution,FULL,0,0,2.7505,0.0
2,merchant_substitution,CWR,0,0,2.9169,0.0
2,merchant_substitution,DFMR,0,0,3.2072,0.0
2,currency_substitution,AP2_ONLY,0,0,2.8382,0.0
2,currency_substitution,MAJORITY,0,0,3.6666,0.0
2,currency_substitution,TTL,0,0,3.1488,0.0
2,currency_substitution,FULL,0,0,2.8182,0.0
2,currency_substitution,CWR,0,0,3.1634,0.0
2,currency_substitution,DFMR,0,0,2.676,0.0
2,evidence_signature_tampering,AP2_ONLY,0,0,8.0284,0.0
2,evidence_signature_tampering,MAJORITY,5,14,64.6056,168.5939
2,evidence_signature_tampering,TTL,0,0,3.0074,0.0
2,evidence_signature_tampering,FULL,5,14,77.6245,204.5535
2,evidence_signature_tampering,CWR,3,10,7.1107,232.7033
2,evidence_signature_tampering,DFMR,5,14,22.0184,762.5878
2,ap2_token_tampering,AP2_ONLY,0,0,0.1071,0.0
2,ap2_token_tampering,MAJORITY,0,0,0.0702,0.0
2,ap2_token_tampering,TTL,0,0,0.071,0.0
2,ap2_token_tampering,FULL,0,0,0.0526,0.0
2,ap2_token_tampering,CWR,0,0,0.0674,0.0
2,ap2_token_tampering,DFMR,0,0,0.0628,0.0
2,ap2_nonce_replay,AP2_ONLY,0,0,1.434,0.0
2,ap2_nonce_replay,MAJORITY,0,0,1.4504,0.0
2,ap2_nonce_replay,TTL,0,0,1.1716,0.0
2,ap2_nonce_replay,FULL,0,0,1.323,0.0
2,ap2_nonce_replay,CWR,0,0,1.2885,0.0
2,ap2_nonce_replay,DFMR,0,0,1.7804,0.0
2,ap2_audience_confusion,AP2_ONLY,0,0,1.4587,0.0
2,ap2_audience_confusion,MAJORITY,0,0,1.2959,0.0
2,ap2_audience_confusion,TTL,0,0,1.3022,0.0
2,ap2_audience_confusion,FULL,0,0,1.3411,0.0
2,ap2_audience_confusion,CWR,0,0,1.3674,0.0
2,ap2_audience_confusion,DFMR,0,0,1.388,0.0
2,ap2_transaction_swap,AP2_ONLY,0,0,2.8448,0.0
2,ap2_transaction_swap,MAJORITY,0,0,3.0788,0.0
2,ap2_transaction_swap,TTL,0,0,3.0146,0.0
2,ap2_transaction_swap,FULL,0,0,2.9576,0.0
2,ap2_transaction_swap,CWR,0,0,2.9915,0.0
2,ap2_transaction_swap,DFMR,0,0,2.9469,0.0
2,fault_budget_exceeded,AP2_ONLY,0,0,13.203,0.0
2,fault_budget_exceeded,MAJORITY,5,14,62.7449,455.7602
2,fault_budget_exceeded,TTL,0,0,2.9949,0.0
2,fault_budget_exceeded,FULL,5,14,94.9379,415.6211
2,fault_budget_exceeded,CWR,2,5,7.4749,273.6237
2,fault_budget_exceeded,DFMR,2,5,30.8449,229.1946
2,hidden_shared_dependency,AP2_ONLY,0,0,4.1808,0.0
2,hidden_shared_dependency,MAJORITY,5,14,10.0773,309.6844
2,hidden_shared_dependency,TTL,0,0,3.0002,0.0
2,hidden_shared_dependency,FULL,5,14,48.0557,414.3231
2,hidden_shared_dependency,CWR,2,3,35.9363,112.1227
2,hidden_shared_dependency,DFMR,2,3,13.7728,533.9089
