seed,domain_count,fault_budget,n_candidates,has_residual,estimated_hypotheses,skipped_resource_limit,cwr_feasible,cwr_cost,cwr_time_ms,fallback_verdict
910610600,6,1,6,1,7,0,1,6,0.0427,
910610601,6,1,6,0,6,0,1,5,0.0357,
910610602,6,1,6,1,7,0,1,10,0.0188,
910610603,6,1,6,0,7,0,1,3,0.023,
910610604,6,1,6,1,7,0,1,4,0.0135,
910610605,6,1,6,0,6,0,1,6,0.029,
910610606,6,1,6,1,7,0,1,8,0.0165,
910610607,6,1,6,0,4,0,1,13,0.0229,
910610608,6,1,6,1,7,0,1,4,0.015,
910610609,6,1,6,0,6,0,1,4,0.0218,
910610610,6,1,6,1,7,0,1,5,0.0124,
910610611,6,1,6,0,6,0,1,6,0.0195,
910610612,6,1,6,1,7,0,1,2,0.0125,
910610613,6,1,6,0,7,0,1,3,0.0194,
910610614,6,1,6,1,7,0,1,3,0.0134,
910610900,6,1,9,1,7,0,1,2,0.0174,
910610901,6,1,9,0,7,0,1,3,0.0288,
910610902,6,1,9,1,7,0,1,3,0.0196,
910610903,6,1,9,0,7,0,1,3,0.0317,
910610904,6,1,9,1,7,0,1,1,0.0153,
910610905,6,1,9,0,7,0,1,3,0.0294,
910610906,6,1,9,1,7,0,1,2,0.0136,
910610907,6,1,9,0,6,0,1,12,0.028,
910610908,6,1,9,1,7,0,1,1,0.0142,
910610909,6,1,9,0,7,0,1,2,0.0337,
910610910,6,1,9,1,7,0,1,2,0.0188,
910610911,6,1,9,0,7,0,1,4,0.0292,
910610912,6,1,9,1,7,0,1,3,0.0158,
910610913,6,1,9,0,7,0,1,3,0.0389,
910610914,6,1,9,1,7,0,1,1,0.015,
910611200,6,1,12,1,7,0,1,2,0.0201,
910611201,6,1,12,0,7,0,1,3,0.0338,
910611202,6,1,12,1,7,0,1,2,0.023,
910611203,6,1,12,0,7,0,1,6,0.0605,
910611204,6,1,12,1,7,0,1,1,0.0185,
910611205,6,1,12,0,7,0,1,6,0.0345,
910611206,6,1,12,1,7,0,1,1,0.0176,
910611207,6,1,12,0,7,0,1,3,0.0467,
910611208,6,1,12,1,7,0,1,4,0.0222,
910611209,6,1,12,0,7,0,1,4,0.031,
910611210,6,1,12,1,7,0,1,2,0.0226,
910611211,6,1,12,0,7,0,1,6,0.0304,
910611212,6,1,12,1,7,0,1,2,0.0153,
910611213,6,1,12,0,7,0,1,3,0.0809,
910611214,6,1,12,1,7,0,1,1,0.0184,
910611800,6,1,18,1,6,0,1,3,0.0291,
910611801,6,1,18,0,7,0,1,4,0.0407,
910611802,6,1,18,1,7,0,1,2,0.0274,
910611803,6,1,18,0,7,0,1,3,0.0518,
910611804,6,1,18,1,7,0,1,3,0.0257,
910611805,6,1,18,0,7,0,1,5,0.0382,
910611806,6,1,18,1,7,0,1,2,0.0265,
910611807,6,1,18,0,7,0,1,2,0.0415,
910611808,6,1,18,1,7,0,1,4,0.026,
910611809,6,1,18,0,7,0,1,6,0.0614,
910611810,6,1,18,1,7,0,1,3,0.0248,
910611811,6,1,18,0,7,0,1,5,0.0671,
910611812,6,1,18,1,7,0,1,1,0.0311,
910611813,6,1,18,0,7,0,1,2,0.0679,
910611814,6,1,18,1,7,0,1,2,0.0259,
910620600,6,2,6,1,22,0,0,,0.0397,
910620601,6,2,6,0,16,0,0,,0.0314,
910620602,6,2,6,1,22,0,1,15,0.0408,
910620603,6,2,6,0,16,0,0,,0.0313,
910620604,6,2,6,1,22,0,1,9,0.0367,
910620605,6,2,6,0,22,0,0,,0.0561,
910620606,6,2,6,1,22,0,1,14,0.0372,
910620607,6,2,6,0,22,0,1,16,0.0403,
910620608,6,2,6,1,16,0,1,15,0.0279,
910620609,6,2,6,0,22,0,1,6,0.0475,
910620610,6,2,6,1,22,0,0,,0.0285,
910620611,6,2,6,0,16,0,0,,0.0399,
910620612,6,2,6,1,22,0,1,14,0.033,
910620613,6,2,6,0,22,0,1,15,0.0601,
910620614,6,2,6,1,22,0,1,5,0.0441,
910620900,6,2,9,1,22,0,1,12,0.0362,
910620901,6,2,9,0,22,0,1,9,0.066,
910620902,6,2,9,1,22,0,1,6,0.0514,
910620903,6,2,9,0,22,0,1,13,0.0576,
910620904,6,2,9,1,22,0,1,6,0.0578,
910620905,6,2,9,0,22,0,1,8,0.0606,
910620906,6,2,9,1,22,0,1,11,0.0603,
910620907,6,2,9,0,22,0,1,13,0.0518,
910620908,6,2,9,1,22,0,1,9,0.0502,
910620909,6,2,9,0,22,0,1,6,0.0444,
910620910,6,2,9,1,22,0,1,11,0.0665,
910620911,6,2,9,0,22,0,1,11,0.0719,
910620912,6,2,9,1,22,0,0,,0.0315,
910620913,6,2,9,0,22,0,1,18,0.0447,
910620914,6,2,9,1,22,0,1,10,0.0472,
910621200,6,2,12,1,22,0,1,15,0.0625,
910621201,6,2,12,0,22,0,1,5,0.0575,
910621202,6,2,12,1,16,0,1,12,0.053,
910621203,6,2,12,0,22,0,1,10,0.0887,
910621204,6,2,12,1,22,0,1,8,0.0578,
910621205,6,2,12,0,16,0,1,9,0.0849,
910621206,6,2,12,1,22,0,1,8,0.0481,
910621207,6,2,12,0,22,0,1,7,0.0887,
910621208,6,2,12,1,22,0,1,17,0.1649,
910621209,6,2,12,0,22,0,1,14,0.0529,
910621210,6,2,12,1,22,0,1,3,0.0524,
910621211,6,2,12,0,22,0,1,5,0.0841,
910621212,6,2,12,1,22,0,1,7,0.0648,
910621213,6,2,12,0,22,0,1,15,0.063,
910621214,6,2,12,1,22,0,1,6,0.0455,
910621800,6,2,18,1,22,0,1,6,0.0805,
910621801,6,2,18,0,22,0,1,6,0.0924,
910621802,6,2,18,1,22,0,1,9,0.1479,
910621803,6,2,18,0,22,0,1,3,0.1259,
910621804,6,2,18,1,22,0,1,5,0.0719,
910621805,6,2,18,0,22,0,1,6,0.2473,
910621806,6,2,18,1,22,0,1,9,0.1368,
910621807,6,2,18,0,22,0,1,10,0.0895,
910621808,6,2,18,1,22,0,1,4,0.0997,
910621809,6,2,18,0,22,0,1,8,0.0936,
910621810,6,2,18,1,22,0,1,10,0.0827,
910621811,6,2,18,0,22,0,1,4,0.083,
910621812,6,2,18,1,22,0,1,4,0.0769,
910621813,6,2,18,0,22,0,1,4,0.1119,
910621814,6,2,18,1,22,0,1,6,0.0656,
910630600,6,3,6,1,42,0,0,,0.0689,
910630601,6,3,6,0,26,0,0,,0.0491,
910630602,6,3,6,1,42,0,0,,0.0603,
910630603,6,3,6,0,42,0,0,,0.0635,
910630604,6,3,6,1,42,0,0,,0.0574,
910630605,6,3,6,0,42,0,0,,0.0551,
910630606,6,3,6,1,42,0,0,,0.0561,
910630607,6,3,6,0,42,0,0,,0.0551,
910630608,6,3,6,1,42,0,1,26,0.0575,
910630609,6,3,6,0,26,0,0,,0.0688,
910630610,6,3,6,1,26,0,0,,0.0343,
910630611,6,3,6,0,15,0,0,,0.0304,
910630612,6,3,6,1,42,0,1,21,0.0723,
910630613,6,3,6,0,15,0,0,,0.0243,
910630614,6,3,6,1,26,0,0,,0.044,
910630900,6,3,9,1,42,0,1,26,0.1292,
910630901,6,3,9,0,15,0,0,,0.0453,
910630902,6,3,9,1,42,0,0,,0.0749,
910630903,6,3,9,0,42,0,0,,0.0921,
910630904,6,3,9,1,42,0,0,,0.0805,
910630905,6,3,9,0,26,0,0,,0.0534,
910630906,6,3,9,1,42,0,0,,0.1018,
910630907,6,3,9,0,42,0,1,16,0.1071,
910630908,6,3,9,1,42,0,1,24,0.1093,
910630909,6,3,9,0,42,0,0,,0.0662,
910630910,6,3,9,1,42,0,1,15,0.0951,
910630911,6,3,9,0,42,0,0,,0.0745,
910630912,6,3,9,1,42,0,0,,0.0859,
910630913,6,3,9,0,42,0,0,,0.0703,
910630914,6,3,9,1,42,0,0,,0.0783,
910631200,6,3,12,1,42,0,0,,0.1338,
910631201,6,3,12,0,42,0,0,,0.101,
910631202,6,3,12,1,42,0,1,22,0.1406,
910631203,6,3,12,0,42,0,1,14,0.1491,
910631204,6,3,12,1,42,0,1,12,0.117,
910631205,6,3,12,0,42,0,1,13,0.0967,
910631206,6,3,12,1,42,0,1,20,0.0845,
910631207,6,3,12,0,42,0,1,6,0.1877,
910631208,6,3,12,1,42,0,1,19,0.1309,
910631209,6,3,12,0,42,0,0,,0.3397,
910631210,6,3,12,1,42,0,1,11,0.0869,
910631211,6,3,12,0,42,0,0,,0.365,
910631212,6,3,12,1,42,0,0,,0.087,
910631213,6,3,12,0,42,0,1,18,0.1586,
910631214,6,3,12,1,42,0,0,,0.0885,
910631800,6,3,18,1,42,0,1,16,0.1898,
910631801,6,3,18,0,42,0,1,9,0.2259,
910631802,6,3,18,1,42,0,1,21,0.1492,
910631803,6,3,18,0,42,0,0,,0.263,
910631804,6,3,18,1,42,0,1,17,0.167,
910631805,6,3,18,0,42,0,1,7,0.131,
910631806,6,3,18,1,42,0,0,,0.2083,
910631807,6,3,18,0,42,0,1,8,0.2425,
910631808,6,3,18,1,42,0,1,6,0.2243,
910631809,6,3,18,0,42,0,1,13,0.1579,
910631810,6,3,18,1,42,0,1,17,0.3481,
910631811,6,3,18,0,42,0,1,15,0.1869,
910631812,6,3,18,1,42,0,1,11,0.3036,
910631813,6,3,18,0,42,0,0,,0.347,
910631814,6,3,18,1,42,0,1,8,0.1875,
911010600,10,1,6,1,9,0,1,3,0.026,
911010601,10,1,6,0,10,0,1,3,0.0492,
911010602,10,1,6,1,9,0,1,4,0.0188,
911010603,10,1,6,0,7,0,1,3,0.0363,
911010604,10,1,6,1,7,0,1,1,0.0173,
911010605,10,1,6,0,9,0,1,3,0.0329,
911010606,10,1,6,1,11,0,1,1,0.0204,
911010607,10,1,6,0,9,0,1,4,0.0355,
911010608,10,1,6,1,8,0,1,1,0.0168,
911010609,10,1,6,0,9,0,1,5,0.0437,
911010610,10,1,6,1,9,0,1,1,0.0157,
911010611,10,1,6,0,9,0,1,4,0.0342,
911010612,10,1,6,1,9,0,1,3,0.0191,
911010613,10,1,6,0,8,0,1,7,0.034,
911010614,10,1,6,1,11,0,1,3,0.0173,
911010900,10,1,9,1,11,0,1,1,0.0229,
911010901,10,1,9,0,9,0,1,3,0.0418,
911010902,10,1,9,1,9,0,1,3,0.0214,
911010903,10,1,9,0,10,0,1,3,0.0428,
911010904,10,1,9,1,10,0,1,1,0.0198,
911010905,10,1,9,0,8,0,1,7,0.0428,
911010906,10,1,9,1,10,0,1,4,0.0188,
911010907,10,1,9,0,9,0,1,6,0.0387,
911010908,10,1,9,1,10,0,1,2,0.0159,
911010909,10,1,9,0,8,0,1,3,0.0277,
911010910,10,1,9,1,9,0,1,4,0.0148,
911010911,10,1,9,0,8,0,1,5,0.0304,
911010912,10,1,9,1,9,0,1,3,0.0183,
911010913,10,1,9,0,10,0,1,7,0.034,
911010914,10,1,9,1,11,0,1,2,0.0168,
911011200,10,1,12,1,11,0,1,2,0.0174,
911011201,10,1,12,0,11,0,1,4,0.0722,
911011202,10,1,12,1,10,0,1,3,0.0247,
911011203,10,1,12,0,11,0,1,7,0.0367,
911011204,10,1,12,1,11,0,1,2,0.0246,
911011205,10,1,12,0,9,0,1,3,0.0572,
911011206,10,1,12,1,11,0,1,2,0.0177,
911011207,10,1,12,0,11,0,1,2,0.0628,
911011208,10,1,12,1,10,0,1,1,0.0201,
911011209,10,1,12,0,11,0,1,6,0.059,
911011210,10,1,12,1,11,0,1,2,0.0214,
911011211,10,1,12,0,10,0,1,3,0.0397,
911011212,10,1,12,1,10,0,1,1,0.0177,
911011213,10,1,12,0,10,0,1,5,0.0443,
911011214,10,1,12,1,11,0,1,1,0.0199,
911011800,10,1,18,1,11,0,1,1,0.0226,
911011801,10,1,18,0,11,0,1,2,0.0689,
911011802,10,1,18,1,10,0,1,1,0.0219,
911011803,10,1,18,0,11,0,1,2,0.0712,
911011804,10,1,18,1,10,0,1,1,0.0222,
911011805,10,1,18,0,11,0,1,2,0.0902,
911011806,10,1,18,1,10,0,1,2,0.0289,
911011807,10,1,18,0,11,0,1,4,0.0712,
911011808,10,1,18,1,11,0,1,1,0.0279,
911011809,10,1,18,0,11,0,1,4,0.081,
911011810,10,1,18,1,11,0,1,2,0.0305,
911011811,10,1,18,0,11,0,1,2,0.0766,
911011812,10,1,18,1,11,0,1,2,0.0241,
911011813,10,1,18,0,11,0,1,3,0.0874,
911011814,10,1,18,1,11,0,1,1,0.0249,
911020600,10,2,6,1,37,0,1,14,0.0469,
911020601,10,2,6,0,16,0,1,15,0.0555,
911020602,10,2,6,1,46,0,1,9,0.0646,
911020603,10,2,6,0,29,0,0,,0.0476,
911020604,10,2,6,1,37,0,1,12,0.0653,
911020605,10,2,6,0,16,0,1,8,0.0333,
911020606,10,2,6,1,37,0,1,4,0.0483,
911020607,10,2,6,0,22,0,1,7,0.055,
911020608,10,2,6,1,37,0,1,8,0.0541,
911020609,10,2,6,0,22,0,1,11,0.0582,
911020610,10,2,6,1,46,0,1,10,0.0463,
911020611,10,2,6,0,29,0,1,11,0.0401,
911020612,10,2,6,1,29,0,1,5,0.044,
911020613,10,2,6,0,37,0,1,15,0.0738,
911020614,10,2,6,1,46,0,1,13,0.0651,
911020900,10,2,9,1,56,0,1,7,0.1384,
911020901,10,2,9,0,56,0,1,6,0.1634,
911020902,10,2,9,1,56,0,1,9,0.0713,
911020903,10,2,9,0,56,0,1,4,0.247,
911020904,10,2,9,1,56,0,1,3,0.0771,
911020905,10,2,9,0,56,0,1,6,0.1642,
911020906,10,2,9,1,46,0,1,6,0.0722,
911020907,10,2,9,0,56,0,1,4,0.1927,
911020908,10,2,9,1,46,0,1,5,0.0835,
911020909,10,2,9,0,46,0,1,10,0.0887,
911020910,10,2,9,1,46,0,1,8,0.1232,
911020911,10,2,9,0,56,0,1,16,0.1951,
911020912,10,2,9,1,56,0,1,3,0.0804,
911020913,10,2,9,0,29,0,1,8,0.098,
911020914,10,2,9,1,46,0,1,7,0.0877,
911021200,10,2,12,1,56,0,1,2,0.1233,
911021201,10,2,12,0,46,0,1,8,0.244,
911021202,10,2,12,1,56,0,1,6,0.1198,
911021203,10,2,12,0,37,0,1,7,0.0998,
911021204,10,2,12,1,46,0,1,6,0.1142,
911021205,10,2,12,0,56,0,1,7,0.1938,
911021206,10,2,12,1,56,0,1,2,0.1054,
911021207,10,2,12,0,56,0,1,14,0.2526,
911021208,10,2,12,1,56,0,1,8,0.1516,
911021209,10,2,12,0,46,0,1,6,0.1785,
911021210,10,2,12,1,46,0,1,5,0.1379,
911021211,10,2,12,0,46,0,1,7,0.4638,
911021212,10,2,12,1,46,0,1,3,0.136,
911021213,10,2,12,0,46,0,1,11,0.1083,
911021214,10,2,12,1,56,0,1,7,0.1306,
911021800,10,2,18,1,56,0,1,3,0.1102,
911021801,10,2,18,0,56,0,1,4,0.3936,
911021802,10,2,18,1,56,0,1,4,0.1456,
911021803,10,2,18,0,56,0,1,5,1.2044,
911021804,10,2,18,1,56,0,1,2,0.1608,
911021805,10,2,18,0,56,0,1,5,0.6412,
911021806,10,2,18,1,56,0,1,3,0.3162,
911021807,10,2,18,0,46,0,1,5,1.8029,
911021808,10,2,18,1,56,0,1,6,0.2399,
911021809,10,2,18,0,56,0,1,5,0.7997,
911021810,10,2,18,1,46,0,1,2,0.1264,
911021811,10,2,18,0,56,0,1,5,0.2198,
911021812,10,2,18,1,56,0,1,8,0.2551,
911021813,10,2,18,0,56,0,1,3,0.4417,
911021814,10,2,18,1,56,0,1,5,0.2507,
911030600,10,3,6,1,64,0,1,6,0.0809,
911030601,10,3,6,0,93,0,0,,0.0969,
911030602,10,3,6,1,93,0,0,,0.0967,
911030603,10,3,6,0,130,0,0,,0.1364,
911030604,10,3,6,1,130,0,0,,0.1149,
911030605,10,3,6,0,42,0,0,,0.0653,
911030606,10,3,6,1,93,0,1,6,0.1287,
911030607,10,3,6,0,64,0,0,,0.0692,
911030608,10,3,6,1,64,0,0,,0.0769,
911030609,10,3,6,0,64,0,1,20,0.0796,
911030610,10,3,6,1,130,0,1,20,0.1395,
911030611,10,3,6,0,42,0,1,19,0.0867,
911030612,10,3,6,1,93,0,0,,0.1108,
911030613,10,3,6,0,93,0,0,,0.165,
911030614,10,3,6,1,176,0,1,5,0.1784,
911030900,10,3,9,1,130,0,1,4,0.2445,
911030901,10,3,9,0,130,0,1,18,0.2412,
911030902,10,3,9,1,176,0,1,14,0.2449,
911030903,10,3,9,0,93,0,1,13,0.1835,
911030904,10,3,9,1,176,0,1,18,0.245,
911030905,10,3,9,0,176,0,1,15,0.4543,
911030906,10,3,9,1,130,0,1,12,0.2613,
911030907,10,3,9,0,130,0,0,,0.2729,
911030908,10,3,9,1,130,0,1,15,0.2324,
911030909,10,3,9,0,176,0,1,19,0.4632,
911030910,10,3,9,1,130,0,1,14,0.2547,
911030911,10,3,9,0,64,0,1,12,0.1043,
911030912,10,3,9,1,93,0,1,11,0.1546,
911030913,10,3,9,0,93,0,1,15,0.1739,
911030914,10,3,9,1,130,0,1,6,0.294,
911031200,10,3,12,1,176,0,1,13,0.4782,
911031201,10,3,12,0,176,0,1,19,0.4022,
911031202,10,3,12,1,176,0,1,24,1.0984,
911031203,10,3,12,0,130,0,1,17,0.5004,
911031204,10,3,12,1,176,0,1,18,0.4794,
911031205,10,3,12,0,130,0,1,21,0.5511,
911031206,10,3,12,1,176,0,1,13,0.6774,
911031207,10,3,12,0,130,0,1,23,0.4405,
911031208,10,3,12,1,130,0,1,15,0.5164,
911031209,10,3,12,0,130,0,1,16,0.351,
911031210,10,3,12,1,176,0,1,14,0.4156,
911031211,10,3,12,0,130,0,1,15,0.5939,
911031212,10,3,12,1,176,0,1,13,0.3142,
911031213,10,3,12,0,176,0,1,7,0.3556,
911031214,10,3,12,1,176,0,1,13,0.318,
911031800,10,3,18,1,176,0,1,8,0.3814,
911031801,10,3,18,0,130,0,1,13,0.6182,
911031802,10,3,18,1,176,0,1,7,0.5003,
911031803,10,3,18,0,130,0,1,11,0.6649,
911031804,10,3,18,1,130,0,1,3,0.5199,
911031805,10,3,18,0,176,0,1,17,1.1367,
911031806,10,3,18,1,176,0,1,6,0.5356,
911031807,10,3,18,0,176,0,1,13,1.2608,
911031808,10,3,18,1,130,0,1,7,0.3042,
911031809,10,3,18,0,176,0,1,8,0.7226,
911031810,10,3,18,1,130,0,1,7,0.8139,
911031811,10,3,18,0,130,0,1,9,0.6689,
911031812,10,3,18,1,176,0,1,5,0.6543,
911031813,10,3,18,0,176,0,1,5,1.4247,
911031814,10,3,18,1,176,0,1,12,1.4669,
911510600,15,1,6,1,13,0,1,3,0.0191,
911510601,15,1,6,0,8,0,1,5,0.0347,
911510602,15,1,6,1,13,0,1,2,0.0159,
911510603,15,1,6,0,10,0,1,7,0.0368,
911510604,15,1,6,1,11,0,1,2,0.0152,
911510605,15,1,6,0,11,0,1,4,0.0334,
911510606,15,1,6,1,9,0,1,1,0.0139,
911510607,15,1,6,0,8,0,1,6,0.0463,
911510608,15,1,6,1,11,0,1,3,0.0137,
911510609,15,1,6,0,9,0,1,4,0.0334,
911510610,15,1,6,1,10,0,1,5,0.016,
911510611,15,1,6,0,11,0,1,4,0.0282,
911510612,15,1,6,1,11,0,1,7,0.0197,
911510613,15,1,6,0,10,0,1,7,0.0334,
911510614,15,1,6,1,11,0,1,2,0.0145,
911510900,15,1,9,1,13,0,1,3,0.0189,
911510901,15,1,9,0,10,0,1,2,0.0407,
911510902,15,1,9,1,14,0,1,2,0.0184,
911510903,15,1,9,0,9,0,1,4,0.0499,
911510904,15,1,9,1,13,0,1,1,0.0169,
911510905,15,1,9,0,12,0,1,3,0.041,
911510906,15,1,9,1,11,0,1,3,0.0174,
911510907,15,1,9,0,14,0,1,2,0.0695,
911510908,15,1,9,1,14,0,1,1,0.017,
911510909,15,1,9,0,8,0,1,3,0.0365,
911510910,15,1,9,1,12,0,1,1,0.0168,
911510911,15,1,9,0,10,0,1,2,0.0348,
911510912,15,1,9,1,12,0,1,1,0.0168,
911510913,15,1,9,0,13,0,1,2,0.0545,
911510914,15,1,9,1,16,0,1,1,0.0185,
911511200,15,1,12,1,14,0,1,1,0.0204,
911511201,15,1,12,0,12,0,1,3,0.0493,
911511202,15,1,12,1,14,0,1,1,0.0196,
911511203,15,1,12,0,12,0,1,3,0.0695,
911511204,15,1,12,1,15,0,1,1,0.0203,
911511205,15,1,12,0,14,0,1,3,0.0546,
911511206,15,1,12,1,14,0,1,1,0.0196,
911511207,15,1,12,0,15,0,1,8,0.0778,
911511208,15,1,12,1,15,0,1,3,0.0209,
911511209,15,1,12,0,14,0,1,2,0.0794,
911511210,15,1,12,1,14,0,1,1,0.0223,
911511211,15,1,12,0,14,0,1,3,0.0775,
911511212,15,1,12,1,14,0,1,1,0.0386,
911511213,15,1,12,0,14,0,1,2,0.0484,
911511214,15,1,12,1,14,0,1,1,0.0192,
911511800,15,1,18,1,16,0,1,1,0.026,
911511801,15,1,18,0,14,0,1,4,0.0746,
911511802,15,1,18,1,16,0,1,1,0.0273,
911511803,15,1,18,0,14,0,1,4,0.1045,
911511804,15,1,18,1,15,0,1,1,0.0266,
911511805,15,1,18,0,15,0,1,2,0.1025,
911511806,15,1,18,1,16,0,1,1,0.0248,
911511807,15,1,18,0,15,0,1,2,0.1566,
911511808,15,1,18,1,16,0,1,1,0.031,
911511809,15,1,18,0,14,0,1,4,0.0969,
911511810,15,1,18,1,14,0,1,2,0.0266,
911511811,15,1,18,0,15,0,1,2,0.5925,
911511812,15,1,18,1,15,0,1,1,0.0273,
911511813,15,1,18,0,15,0,1,2,0.1227,
911511814,15,1,18,1,14,0,1,2,0.0249,
911520600,15,2,6,1,56,0,1,11,0.0558,
911520601,15,2,6,0,29,0,1,15,0.0628,
911520602,15,2,6,1,46,0,1,20,0.0562,
911520603,15,2,6,0,56,0,1,12,0.1082,
911520604,15,2,6,1,37,0,1,6,0.0464,
911520605,15,2,6,0,56,0,1,12,0.0872,
911520606,15,2,6,1,37,0,1,3,0.0501,
911520607,15,2,6,0,29,0,1,7,0.0461,
911520608,15,2,6,1,67,0,1,6,0.0718,
911520609,15,2,6,0,37,0,1,10,0.0841,
911520610,15,2,6,1,67,0,1,2,0.0619,
911520611,15,2,6,0,37,0,1,8,0.075,
911520612,15,2,6,1,67,0,1,3,0.1019,
911520613,15,2,6,0,29,0,1,9,0.0883,
911520614,15,2,6,1,37,0,1,13,0.066,
911520900,15,2,9,1,67,0,1,5,0.0746,
911520901,15,2,9,0,92,0,1,6,0.2902,
911520902,15,2,9,1,92,0,1,4,0.1484,
911520903,15,2,9,0,67,0,1,5,0.2102,
911520904,15,2,9,1,67,0,1,5,0.0838,
911520905,15,2,9,0,37,0,1,4,0.1095,
911520906,15,2,9,1,46,0,1,3,0.116,
911520907,15,2,9,0,92,0,1,8,0.2367,
911520908,15,2,9,1,56,0,1,10,0.0945,
911520909,15,2,9,0,56,0,1,11,0.226,
911520910,15,2,9,1,92,0,1,7,0.135,
911520911,15,2,9,0,56,0,1,12,0.2201,
911520912,15,2,9,1,67,0,1,3,0.107,
911520913,15,2,9,0,56,0,1,8,0.2272,
911520914,15,2,9,1,79,0,1,3,0.084,
911521200,15,2,12,1,67,0,1,4,0.1099,
911521201,15,2,12,0,106,0,1,5,0.6295,
911521202,15,2,12,1,92,0,1,5,0.2143,
911521203,15,2,12,0,106,0,1,6,0.4828,
911521204,15,2,12,1,92,0,1,5,0.2223,
911521205,15,2,12,0,106,0,1,8,0.509,
911521206,15,2,12,1,92,0,1,2,0.1392,
911521207,15,2,12,0,92,0,1,5,0.3853,
911521208,15,2,12,1,106,0,1,3,0.1525,
911521209,15,2,12,0,106,0,1,3,0.8535,
911521210,15,2,12,1,92,0,1,2,0.1736,
911521211,15,2,12,0,92,0,1,8,0.217,
911521212,15,2,12,1,121,0,1,2,0.1733,
911521213,15,2,12,0,56,0,1,7,0.2213,
911521214,15,2,12,1,79,0,1,6,0.1644,
911521800,15,2,18,1,121,0,1,4,0.2489,
911521801,15,2,18,0,121,0,1,4,0.5483,
911521802,15,2,18,1,92,0,1,5,0.2182,
911521803,15,2,18,0,121,0,1,4,1.1422,
911521804,15,2,18,1,79,0,1,6,0.239,
911521805,15,2,18,0,92,0,1,6,0.7024,
911521806,15,2,18,1,106,0,1,6,0.7723,
911521807,15,2,18,0,121,0,1,4,0.9079,
911521808,15,2,18,1,121,0,1,6,0.2512,
911521809,15,2,18,0,121,0,1,6,0.5535,
911521810,15,2,18,1,106,0,1,5,0.2261,
911521811,15,2,18,0,121,0,1,7,0.8961,
911521812,15,2,18,1,106,0,1,5,0.3405,
911521813,15,2,18,0,92,0,1,5,0.85,
911521814,15,2,18,1,121,0,1,2,0.3686,
911530600,15,3,6,1,130,0,1,9,0.1641,
911530601,15,3,6,0,64,0,1,18,0.0948,
911530602,15,3,6,1,176,0,0,,0.1905,
911530603,15,3,6,0,93,0,1,24,0.1893,
911530604,15,3,6,1,232,0,1,9,0.2128,
911530605,15,3,6,0,93,0,0,,0.1354,
911530606,15,3,6,1,176,0,1,14,1.2062,
911530607,15,3,6,0,130,0,1,21,0.1597,
911530608,15,3,6,1,232,0,1,3,0.2207,
911530609,15,3,6,0,232,0,1,11,0.3249,
911530610,15,3,6,1,93,0,1,12,0.1188,
911530611,15,3,6,0,93,0,1,11,0.1922,
911530612,15,3,6,1,176,0,1,12,0.1849,
911530613,15,3,6,0,64,0,1,17,0.1237,
911530614,15,3,6,1,176,0,0,,0.173,
911530900,15,3,9,1,232,0,1,8,0.3093,
911530901,15,3,9,0,176,0,1,12,0.714,
911530902,15,3,9,1,299,0,1,13,0.4709,
911530903,15,3,9,0,93,0,1,20,0.2707,
911530904,15,3,9,1,378,0,1,6,0.593,
911530905,15,3,9,0,378,0,1,16,0.8939,
911530906,15,3,9,1,378,0,1,7,0.445,
911530907,15,3,9,0,232,0,1,18,0.3957,
911530908,15,3,9,1,176,0,1,13,0.3416,
911530909,15,3,9,0,470,0,1,7,0.9434,
911530910,15,3,9,1,176,0,1,11,0.2793,
911530911,15,3,9,0,232,0,1,17,0.3791,
911530912,15,3,9,1,299,0,1,15,0.467,
911530913,15,3,9,0,176,0,1,24,0.4278,
911530914,15,3,9,1,299,0,1,13,0.3928,
911531200,15,3,12,1,378,0,1,14,0.9725,
911531201,15,3,12,0,470,0,1,9,1.7459,
911531202,15,3,12,1,470,0,1,8,1.4806,
911531203,15,3,12,0,232,0,1,15,0.7494,
911531204,15,3,12,1,378,0,1,5,0.8993,
911531205,15,3,12,0,378,0,1,9,1.9174,
911531206,15,3,12,1,378,0,1,11,0.7169,
911531207,15,3,12,0,378,0,1,13,1.1003,
911531208,15,3,12,1,176,0,1,6,0.436,
911531209,15,3,12,0,299,0,1,16,1.2651,
911531210,15,3,12,1,378,0,1,9,0.5867,
911531211,15,3,12,0,470,0,1,8,0.987,
911531212,15,3,12,1,299,0,1,8,0.6088,
911531213,15,3,12,0,299,0,1,16,0.7424,
911531214,15,3,12,1,232,0,1,7,0.4542,
911531800,15,3,18,1,576,0,1,4,1.6349,
911531801,15,3,18,0,576,0,1,11,6.146,
911531802,15,3,18,1,576,0,1,6,1.3577,
911531803,15,3,18,0,470,0,1,14,2.0953,
911531804,15,3,18,1,576,0,1,5,1.6576,
911531805,15,3,18,0,378,0,1,11,1.782,
911531806,15,3,18,1,576,0,1,9,1.5279,
911531807,15,3,18,0,470,0,1,4,1.6715,
911531808,15,3,18,1,378,0,1,11,1.0317,
911531809,15,3,18,0,470,0,1,13,2.01,
911531810,15,3,18,1,470,0,1,12,1.3198,
911531811,15,3,18,0,470,0,1,11,2.3786,
911531812,15,3,18,1,378,0,1,5,2.2325,
911531813,15,3,18,0,378,0,1,6,1.9966,
911531814,15,3,18,1,378,0,1,8,1.625,
912010600,20,1,6,1,14,0,1,4,0.0191,
912010601,20,1,6,0,11,0,1,8,0.0333,
912010602,20,1,6,1,12,0,1,1,0.0166,
912010603,20,1,6,0,12,0,1,3,0.0399,
912010604,20,1,6,1,15,0,1,1,0.0176,
912010605,20,1,6,0,8,0,1,5,0.0255,
912010606,20,1,6,1,12,0,1,3,0.0161,
912010607,20,1,6,0,8,0,1,6,0.0198,
912010608,20,1,6,1,13,0,1,4,0.0161,
912010609,20,1,6,0,11,0,1,4,0.0266,
912010610,20,1,6,1,10,0,1,3,0.0154,
912010611,20,1,6,0,12,0,1,5,0.0313,
912010612,20,1,6,1,10,0,1,3,0.0168,
912010613,20,1,6,0,10,0,1,4,0.0276,
912010614,20,1,6,1,12,0,1,1,0.0146,
912010900,20,1,9,1,17,0,1,2,0.0218,
912010901,20,1,9,0,14,0,1,5,0.0646,
912010902,20,1,9,1,14,0,1,1,0.0212,
912010903,20,1,9,0,12,0,1,4,0.0529,
912010904,20,1,9,1,13,0,1,5,0.0198,
912010905,20,1,9,0,11,0,1,4,0.0367,
912010906,20,1,9,1,16,0,1,3,0.0179,
912010907,20,1,9,0,17,0,1,3,0.054,
912010908,20,1,9,1,13,0,1,1,0.0179,
912010909,20,1,9,0,14,0,1,2,0.0436,
912010910,20,1,9,1,16,0,1,4,0.0207,
912010911,20,1,9,0,13,0,1,3,0.05,
912010912,20,1,9,1,14,0,1,1,0.018,
912010913,20,1,9,0,13,0,1,2,0.0572,
912010914,20,1,9,1,11,0,1,1,0.0167,
912011200,20,1,12,1,15,0,1,2,0.0239,
912011201,20,1,12,0,15,0,1,2,0.0915,
912011202,20,1,12,1,17,0,1,1,0.0221,
912011203,20,1,12,0,13,0,1,2,0.066,
912011204,20,1,12,1,17,0,1,1,0.0231,
912011205,20,1,12,0,14,0,1,2,0.0835,
912011206,20,1,12,1,16,0,1,4,0.0257,
912011207,20,1,12,0,14,0,1,2,0.057,
912011208,20,1,12,1,19,0,1,1,0.0215,
912011209,20,1,12,0,13,0,1,4,0.0583,
912011210,20,1,12,1,17,0,1,1,0.0213,
912011211,20,1,12,0,15,0,1,2,0.0952,
912011212,20,1,12,1,16,0,1,1,0.021,
912011213,20,1,12,0,13,0,1,10,0.0854,
912011214,20,1,12,1,17,0,1,1,0.0204,
912011800,20,1,18,1,17,0,1,1,0.0318,
912011801,20,1,18,0,18,0,1,3,0.1882,
912011802,20,1,18,1,17,0,1,1,0.0307,
912011803,20,1,18,0,17,0,1,2,0.1158,
912011804,20,1,18,1,19,0,1,1,0.0345,
912011805,20,1,18,0,19,0,1,3,0.1524,
912011806,20,1,18,1,18,0,1,1,0.0346,
912011807,20,1,18,0,18,0,1,6,0.1376,
912011808,20,1,18,1,19,0,1,1,0.0276,
912011809,20,1,18,0,17,0,1,2,0.1328,
912011810,20,1,18,1,18,0,1,1,0.0294,
912011811,20,1,18,0,20,0,1,2,0.156,
912011812,20,1,18,1,19,0,1,1,0.0281,
912011813,20,1,18,0,18,0,1,2,0.1331,
912011814,20,1,18,1,19,0,1,1,0.0308,
912020600,20,2,6,1,79,0,1,9,0.0974,
912020601,20,2,6,0,92,0,1,9,0.1558,
912020602,20,2,6,1,67,0,1,13,0.0618,
912020603,20,2,6,0,37,0,1,15,0.0727,
912020604,20,2,6,1,56,0,1,14,0.0811,
912020605,20,2,6,0,46,0,1,12,0.0999,
912020606,20,2,6,1,46,0,1,3,0.049,
912020607,20,2,6,0,79,0,1,7,0.163,
912020608,20,2,6,1,46,0,1,13,0.0485,
912020609,20,2,6,0,56,0,1,12,0.0778,
912020610,20,2,6,1,67,0,1,6,0.0727,
912020611,20,2,6,0,46,0,1,11,0.081,
912020612,20,2,6,1,79,0,1,5,0.0874,
912020613,20,2,6,0,56,0,1,8,0.1021,
912020614,20,2,6,1,121,0,1,6,0.0979,
912020900,20,2,9,1,137,0,1,2,0.1636,
912020901,20,2,9,0,67,0,1,5,0.2244,
912020902,20,2,9,1,121,0,1,5,0.1831,
912020903,20,2,9,0,92,0,1,8,0.1988,
912020904,20,2,9,1,106,0,1,4,0.181,
912020905,20,2,9,0,92,0,1,6,0.2822,
912020906,20,2,9,1,92,0,1,8,0.1495,
912020907,20,2,9,0,46,0,1,5,0.1454,
912020908,20,2,9,1,67,0,1,10,0.107,
912020909,20,2,9,0,46,0,1,10,0.1287,
912020910,20,2,9,1,92,0,1,3,0.1775,
912020911,20,2,9,0,79,0,1,10,0.2894,
912020912,20,2,9,1,106,0,1,6,0.1761,
912020913,20,2,9,0,46,0,1,5,0.1414,
912020914,20,2,9,1,92,0,1,5,0.1209,
912021200,20,2,12,1,137,0,1,3,0.2461,
912021201,20,2,12,0,121,0,1,11,0.5779,
912021202,20,2,12,1,92,0,1,4,0.1781,
912021203,20,2,12,0,172,0,1,7,0.5449,
912021204,20,2,12,1,137,0,1,3,0.1507,
912021205,20,2,12,0,67,0,1,10,0.2245,
912021206,20,2,12,1,67,0,1,4,0.1251,
912021207,20,2,12,0,137,0,1,11,0.6277,
912021208,20,2,12,1,79,0,1,4,0.1787,
912021209,20,2,12,0,121,0,1,8,0.7071,
912021210,20,2,12,1,154,0,1,6,0.2224,
912021211,20,2,12,0,79,0,1,4,0.3372,
912021212,20,2,12,1,121,0,1,4,0.2136,
912021213,20,2,12,0,92,0,1,6,0.4937,
912021214,20,2,12,1,154,0,1,4,0.2958,
912021800,20,2,18,1,137,0,1,2,0.2037,
912021801,20,2,18,0,154,0,1,3,1.0135,
912021802,20,2,18,1,172,0,1,2,0.3437,
912021803,20,2,18,0,154,0,1,4,1.0944,
912021804,20,2,18,1,121,0,1,3,0.2607,
912021805,20,2,18,0,191,0,1,4,0.8519,
912021806,20,2,18,1,154,0,1,3,0.5787,
912021807,20,2,18,0,137,0,1,3,0.9211,
912021808,20,2,18,1,172,0,1,5,0.3161,
912021809,20,2,18,0,106,0,1,6,0.627,
912021810,20,2,18,1,154,0,1,2,0.3221,
912021811,20,2,18,0,154,0,1,3,0.672,
912021812,20,2,18,1,211,0,1,2,0.3374,
912021813,20,2,18,0,172,0,1,5,1.029,
912021814,20,2,18,1,172,0,1,3,0.2909,
912030600,20,3,6,1,232,0,0,,0.2534,
912030601,20,3,6,0,93,0,0,,0.1219,
912030602,20,3,6,1,93,0,1,15,0.1114,
912030603,20,3,6,0,232,0,1,12,0.3278,
912030604,20,3,6,1,232,0,1,16,0.2183,
912030605,20,3,6,0,299,0,0,,0.3842,
912030606,20,3,6,1,176,0,1,24,0.1923,
912030607,20,3,6,0,176,0,1,17,0.217,
912030608,20,3,6,1,176,0,1,17,0.1846,
912030609,20,3,6,0,232,0,1,11,0.2739,
912030610,20,3,6,1,176,0,1,18,0.1896,
912030611,20,3,6,0,232,0,1,15,0.3528,
912030612,20,3,6,1,378,0,1,8,0.3638,
912030613,20,3,6,0,232,0,1,24,0.3019,
912030614,20,3,6,1,232,0,1,17,0.2027,
912030900,20,3,9,1,378,0,1,20,0.4351,
912030901,20,3,9,0,378,0,1,12,1.0791,
912030902,20,3,9,1,232,0,1,7,0.2668,
912030903,20,3,9,0,697,0,1,9,1.6347,
912030904,20,3,9,1,299,0,1,6,0.6395,
912030905,20,3,9,0,299,0,1,25,0.5636,
912030906,20,3,9,1,470,0,1,9,0.6268,
912030907,20,3,9,0,299,0,1,6,0.4233,
912030908,20,3,9,1,576,0,1,9,0.7389,
912030909,20,3,9,0,299,0,1,13,0.8097,
912030910,20,3,9,1,232,0,1,4,0.2862,
912030911,20,3,9,0,176,0,1,12,0.5586,
912030912,20,3,9,1,232,0,1,6,0.2903,
912030913,20,3,9,0,378,0,1,12,0.8415,
912030914,20,3,9,1,576,0,1,7,0.5839,
912031200,20,3,12,1,470,0,1,5,0.6575,
912031201,20,3,12,0,470,0,1,7,1.9871,
912031202,20,3,12,1,470,0,1,10,0.8193,
912031203,20,3,12,0,470,0,1,11,1.7818,
912031204,20,3,12,1,834,0,1,5,1.3649,
912031205,20,3,12,0,470,0,1,14,1.0116,
912031206,20,3,12,1,576,0,1,8,1.1225,
912031207,20,3,12,0,470,0,1,16,1.7056,
912031208,20,3,12,1,576,0,1,11,1.1659,
912031209,20,3,12,0,299,0,1,13,1.0346,
912031210,20,3,12,1,470,0,1,5,0.7088,
912031211,20,3,12,0,176,0,1,16,0.7058,
912031212,20,3,12,1,697,0,1,12,2.2958,
912031213,20,3,12,0,232,0,1,11,0.6102,
912031214,20,3,12,1,697,0,1,6,1.4374,
912031800,20,3,18,1,1160,0,1,9,2.1436,
912031801,20,3,18,0,988,0,1,7,4.4975,
912031802,20,3,18,1,1160,0,1,3,2.543,
912031803,20,3,18,0,834,0,1,9,4.5066,
912031804,20,3,18,1,988,0,1,8,3.3726,
912031805,20,3,18,0,697,0,1,8,10.7847,
912031806,20,3,18,1,988,0,1,7,2.0219,
912031807,20,3,18,0,470,0,1,12,6.4522,
912031808,20,3,18,1,1160,0,1,7,2.0678,
912031809,20,3,18,0,834,0,1,6,5.2049,
912031810,20,3,18,1,697,0,1,6,1.9007,
912031811,20,3,18,0,576,0,1,7,3.3951,
912031812,20,3,18,1,1160,0,1,11,3.0796,
912031813,20,3,18,0,834,0,1,7,8.4254,
912031814,20,3,18,1,1160,0,1,4,2.5388,
913010600,30,1,6,1,14,0,1,1,0.0288,
913010601,30,1,6,0,11,0,1,5,0.0386,
913010602,30,1,6,1,14,0,1,3,0.0172,
913010603,30,1,6,0,8,0,1,5,0.0252,
913010604,30,1,6,1,15,0,1,2,0.0161,
913010605,30,1,6,0,12,0,1,8,0.0335,
913010606,30,1,6,1,10,0,1,2,0.0153,
913010607,30,1,6,0,11,0,1,3,0.0337,
913010608,30,1,6,1,12,0,1,3,0.0158,
913010609,30,1,6,0,12,0,1,4,0.0316,
913010610,30,1,6,1,11,0,1,4,0.0156,
913010611,30,1,6,0,13,0,1,17,0.0341,
913010612,30,1,6,1,14,0,1,1,0.0152,
913010613,30,1,6,0,12,0,1,3,0.0354,
913010614,30,1,6,1,12,0,1,1,0.0145,
913010900,30,1,9,1,20,0,1,1,0.0209,
913010901,30,1,9,0,16,0,1,3,0.0538,
913010902,30,1,9,1,18,0,1,1,0.019,
913010903,30,1,9,0,13,0,1,7,0.0478,
913010904,30,1,9,1,18,0,1,1,0.0198,
913010905,30,1,9,0,13,0,1,3,0.0478,
913010906,30,1,9,1,19,0,1,2,0.0209,
913010907,30,1,9,0,13,0,1,6,0.0521,
913010908,30,1,9,1,19,0,1,1,0.0208,
913010909,30,1,9,0,14,0,1,3,0.0517,
913010910,30,1,9,1,14,0,1,2,0.0166,
913010911,30,1,9,0,16,0,1,3,0.0586,
913010912,30,1,9,1,20,0,1,1,0.0198,
913010913,30,1,9,0,15,0,1,5,0.0584,
913010914,30,1,9,1,15,0,1,2,0.0175,
913011200,30,1,12,1,20,0,1,4,0.0227,
913011201,30,1,12,0,19,0,1,2,0.0805,
913011202,30,1,12,1,24,0,1,2,0.0261,
913011203,30,1,12,0,21,0,1,2,0.0788,
913011204,30,1,12,1,15,0,1,3,0.0214,
913011205,30,1,12,0,17,0,1,3,0.0774,
913011206,30,1,12,1,22,0,1,3,0.0231,
913011207,30,1,12,0,17,0,1,2,0.0703,
913011208,30,1,12,1,20,0,1,1,0.0233,
913011209,30,1,12,0,18,0,1,2,0.0792,
913011210,30,1,12,1,19,0,1,3,0.0241,
913011211,30,1,12,0,16,0,1,2,0.0695,
913011212,30,1,12,1,17,0,1,1,0.0223,
913011213,30,1,12,0,15,0,1,4,0.0804,
913011214,30,1,12,1,20,0,1,2,0.0233,
913011800,30,1,18,1,21,0,1,2,0.0305,
913011801,30,1,18,0,23,0,1,2,0.1315,
913011802,30,1,18,1,26,0,1,1,0.0332,
913011803,30,1,18,0,23,0,1,2,0.1574,
913011804,30,1,18,1,19,0,1,2,0.0304,
913011805,30,1,18,0,21,0,1,2,0.0991,
913011806,30,1,18,1,27,0,1,1,0.0319,
913011807,30,1,18,0,24,0,1,2,0.1673,
913011808,30,1,18,1,24,0,1,1,0.0277,
913011809,30,1,18,0,20,0,1,2,0.1439,
913011810,30,1,18,1,25,0,1,1,0.0277,
913011811,30,1,18,0,20,0,1,2,0.17,
913011812,30,1,18,1,22,0,1,1,0.0291,
913011813,30,1,18,0,23,0,1,4,0.1404,
913011814,30,1,18,1,22,0,1,1,0.0314,
913020600,30,2,6,1,106,0,1,11,0.1077,
913020601,30,2,6,0,79,0,1,11,0.1462,
913020602,30,2,6,1,121,0,1,3,0.1166,
913020603,30,2,6,0,37,0,1,10,0.0879,
913020604,30,2,6,1,46,0,1,5,0.056,
913020605,30,2,6,0,46,0,1,11,1.0964,
913020606,30,2,6,1,106,0,1,4,0.0978,
913020607,30,2,6,0,29,0,1,12,0.0714,
913020608,30,2,6,1,106,0,1,10,0.1046,
913020609,30,2,6,0,37,0,1,13,0.0596,
913020610,30,2,6,1,92,0,1,5,0.0865,
913020611,30,2,6,0,79,0,1,4,0.142,
913020612,30,2,6,1,46,0,1,3,0.0753,
913020613,30,2,6,0,67,0,1,11,0.1255,
913020614,30,2,6,1,67,0,1,8,0.0744,
913020900,30,2,9,1,121,0,1,2,0.1403,
913020901,30,2,9,0,106,0,1,10,0.2975,
913020902,30,2,9,1,191,0,1,3,0.1767,
913020903,30,2,9,0,79,0,1,4,0.2702,
913020904,30,2,9,1,137,0,1,6,0.1758,
913020905,30,2,9,0,106,0,1,5,0.349,
913020906,30,2,9,1,137,0,1,5,0.1293,
913020907,30,2,9,0,121,0,1,6,0.2642,
913020908,30,2,9,1,106,0,1,3,0.1647,
913020909,30,2,9,0,106,0,1,7,0.3757,
913020910,30,2,9,1,79,0,1,6,0.1035,
913020911,30,2,9,0,92,0,1,15,0.2273,
913020912,30,2,9,1,172,0,1,4,0.1836,
913020913,30,2,9,0,121,0,1,4,0.2692,
913020914,30,2,9,1,121,0,1,3,0.1301,
913021200,30,2,12,1,172,0,1,4,0.2407,
913021201,30,2,12,0,137,0,1,3,0.6729,
913021202,30,2,12,1,154,0,1,4,0.2209,
913021203,30,2,12,0,137,0,1,10,0.5219,
913021204,30,2,12,1,172,0,1,2,0.2612,
913021205,30,2,12,0,92,0,1,9,0.2423,
913021206,30,2,12,1,172,0,1,5,0.2372,
913021207,30,2,12,0,121,0,1,8,0.6869,
913021208,30,2,12,1,254,0,1,5,0.3014,
913021209,30,2,12,0,154,0,1,5,0.585,
913021210,30,2,12,1,232,0,1,3,0.4258,
913021211,30,2,12,0,232,0,1,5,0.8934,
913021212,30,2,12,1,154,0,1,4,0.2891,
913021213,30,2,12,0,137,0,1,6,0.389,
913021214,30,2,12,1,137,0,1,2,0.198,
913021800,30,2,18,1,211,0,1,2,0.4309,
913021801,30,2,18,0,232,0,1,6,1.5966,
913021802,30,2,18,1,277,0,1,3,0.4504,
913021803,30,2,18,0,232,0,1,5,1.3364,
913021804,30,2,18,1,254,0,1,3,0.526,
913021805,30,2,18,0,232,0,1,3,1.1423,
913021806,30,2,18,1,352,0,1,5,0.6244,
913021807,30,2,18,0,277,0,1,3,2.2121,
913021808,30,2,18,1,211,0,1,3,0.4802,
913021809,30,2,18,0,172,0,1,3,1.144,
913021810,30,2,18,1,211,0,1,2,0.3814,
913021811,30,2,18,0,232,0,1,6,2.1682,
913021812,30,2,18,1,254,0,1,3,0.411,
913021813,30,2,18,0,191,0,1,3,1.2314,
913021814,30,2,18,1,211,0,1,3,0.4664,
913030600,30,3,6,1,576,0,1,9,0.5479,
913030601,30,3,6,0,378,0,1,11,0.4764,
913030602,30,3,6,1,576,0,1,9,0.4872,
913030603,30,3,6,0,130,0,1,27,0.1648,
913030604,30,3,6,1,378,0,1,5,0.3286,
913030605,30,3,6,0,299,0,1,10,0.4037,
913030606,30,3,6,1,378,0,1,14,0.3256,
913030607,30,3,6,0,176,0,1,24,0.2597,
913030608,30,3,6,1,299,0,1,23,0.3039,
913030609,30,3,6,0,93,0,1,11,0.1381,
913030610,30,3,6,1,470,0,1,5,0.4004,
913030611,30,3,6,0,232,0,1,28,0.3205,
913030612,30,3,6,1,470,0,1,15,0.4263,
913030613,30,3,6,0,130,0,1,10,0.2083,
913030614,30,3,6,1,299,0,1,11,0.2597,
913030900,30,3,9,1,299,0,1,9,0.3509,
913030901,30,3,9,0,176,0,1,14,0.3916,
913030902,30,3,9,1,576,0,1,10,0.6993,
913030903,30,3,9,0,378,0,1,21,0.6798,
913030904,30,3,9,1,576,0,1,8,0.579,
913030905,30,3,9,0,378,0,1,9,0.7764,
913030906,30,3,9,1,697,0,1,10,0.6983,
913030907,30,3,9,0,470,0,1,10,0.7264,
913030908,30,3,9,1,576,0,1,9,0.6339,
913030909,30,3,9,0,988,0,1,15,1.7823,
913030910,30,3,9,1,378,0,1,5,0.4287,
913030911,30,3,9,0,697,0,1,10,1.7229,
913030912,30,3,9,1,470,0,1,11,0.5896,
913030913,30,3,9,0,470,0,1,13,0.9629,
913030914,30,3,9,1,988,0,1,9,1.0531,
913031200,30,3,12,1,834,0,1,9,0.971,
913031201,30,3,12,0,834,0,1,9,1.7962,
913031202,30,3,12,1,1351,0,1,8,1.575,
913031203,30,3,12,0,834,0,1,13,2.2037,
913031204,30,3,12,1,697,0,1,4,1.2306,
913031205,30,3,12,0,1351,0,1,6,3.9051,
913031206,30,3,12,1,1160,0,1,8,1.2582,
913031207,30,3,12,0,834,0,1,12,3.0719,
913031208,30,3,12,1,834,0,1,4,0.9949,
913031209,30,3,12,0,988,0,1,7,2.9924,
913031210,30,3,12,1,1351,0,1,8,1.4122,
913031211,30,3,12,0,576,0,1,9,1.55,
913031212,30,3,12,1,988,0,1,5,1.1309,
913031213,30,3,12,0,576,0,1,11,1.2105,
913031214,30,3,12,1,988,0,1,13,1.985,
913031800,30,3,18,1,1160,0,1,5,2.2994,
913031801,30,3,18,0,1562,0,1,6,9.9669,
913031802,30,3,18,1,1562,0,1,7,3.0997,
913031803,30,3,18,0,2325,0,1,10,10.971,
913031804,30,3,18,1,2048,0,1,7,4.9652,
913031805,30,3,18,0,2325,0,1,11,20.5762,
913031806,30,3,18,1,1794,0,1,3,3.0359,
913031807,30,3,18,0,1562,0,1,7,11.4325,
913031808,30,3,18,1,2325,0,1,6,4.4323,
913031809,30,3,18,0,2325,0,1,8,20.8156,
913031810,30,3,18,1,2325,0,1,4,5.0492,
913031811,30,3,18,0,2048,0,1,13,9.5297,
913031812,30,3,18,1,2048,0,1,3,4.0058,
913031813,30,3,18,0,1351,0,1,5,6.6811,
913031814,30,3,18,1,2325,0,1,3,5.0585,
915010600,50,1,6,1,17,0,1,3,0.0301,
915010601,50,1,6,0,11,0,1,5,0.0402,
915010602,50,1,6,1,15,0,1,2,0.0204,
915010603,50,1,6,0,14,0,1,8,0.0431,
915010604,50,1,6,1,14,0,1,1,0.018,
915010605,50,1,6,0,11,0,1,4,0.0372,
915010606,50,1,6,1,14,0,1,1,0.0171,
915010607,50,1,6,0,15,0,1,4,0.0398,
915010608,50,1,6,1,16,0,1,2,0.0187,
915010609,50,1,6,0,14,0,1,7,0.0376,
915010610,50,1,6,1,12,0,1,1,0.0161,
915010611,50,1,6,0,15,0,1,5,0.0395,
915010612,50,1,6,1,14,0,1,2,0.0172,
915010613,50,1,6,0,10,0,1,5,0.0328,
915010614,50,1,6,1,11,0,1,4,0.0159,
915010900,50,1,9,1,17,0,1,3,0.023,
915010901,50,1,9,0,18,0,1,8,0.0622,
915010902,50,1,9,1,19,0,1,1,0.0222,
915010903,50,1,9,0,18,0,1,2,0.0709,
915010904,50,1,9,1,15,0,1,1,0.0228,
915010905,50,1,9,0,21,0,1,6,0.0713,
915010906,50,1,9,1,19,0,1,2,0.0213,
915010907,50,1,9,0,13,0,1,4,0.0548,
915010908,50,1,9,1,19,0,1,2,0.0234,
915010909,50,1,9,0,17,0,1,6,0.0686,
915010910,50,1,9,1,16,0,1,3,0.0205,
915010911,50,1,9,0,16,0,1,3,0.0658,
915010912,50,1,9,1,19,0,1,2,0.0201,
915010913,50,1,9,0,15,0,1,4,0.064,
915010914,50,1,9,1,20,0,1,1,0.0234,
915011200,50,1,12,1,25,0,1,1,0.0275,
915011201,50,1,12,0,22,0,1,2,0.1064,
915011202,50,1,12,1,23,0,1,1,0.0249,
915011203,50,1,12,0,17,0,1,2,0.089,
915011204,50,1,12,1,22,0,1,2,0.0256,
915011205,50,1,12,0,20,0,1,4,0.0913,
915011206,50,1,12,1,22,0,1,1,0.0268,
915011207,50,1,12,0,22,0,1,5,0.0966,
915011208,50,1,12,1,25,0,1,2,0.0282,
915011209,50,1,12,0,24,0,1,2,0.117,
915011210,50,1,12,1,20,0,1,1,0.0265,
915011211,50,1,12,0,21,0,1,3,0.1009,
915011212,50,1,12,1,22,0,1,3,0.0266,
915011213,50,1,12,0,23,0,1,7,0.0879,
915011214,50,1,12,1,20,0,1,1,0.0228,
915011800,50,1,18,1,24,0,1,1,0.0286,
915011801,50,1,18,0,34,0,1,2,0.2657,
915011802,50,1,18,1,29,0,1,1,0.0368,
915011803,50,1,18,0,24,0,1,3,0.1673,
915011804,50,1,18,1,29,0,1,1,0.0324,
915011805,50,1,18,0,29,0,1,2,0.1876,
915011806,50,1,18,1,27,0,1,1,0.0339,
915011807,50,1,18,0,25,0,1,2,0.1602,
915011808,50,1,18,1,28,0,1,1,0.0351,
915011809,50,1,18,0,29,0,1,3,0.1778,
915011810,50,1,18,1,26,0,1,1,0.0301,
915011811,50,1,18,0,29,0,1,3,0.1989,
915011812,50,1,18,1,30,0,1,1,0.0344,
915011813,50,1,18,0,30,0,1,3,0.2208,
915011814,50,1,18,1,28,0,1,1,0.0322,
915020600,50,2,6,1,56,0,1,4,0.0643,
915020601,50,2,6,0,79,0,1,8,0.1471,
915020602,50,2,6,1,92,0,1,5,0.0933,
915020603,50,2,6,0,56,0,1,13,0.1009,
915020604,50,2,6,1,67,0,1,2,0.0892,
915020605,50,2,6,0,92,0,1,5,0.1655,
915020606,50,2,6,1,121,0,1,2,0.1075,
915020607,50,2,6,0,79,0,1,8,0.1432,
915020608,50,2,6,1,56,0,1,4,0.0731,
915020609,50,2,6,0,106,0,1,6,0.8419,
915020610,50,2,6,1,79,0,1,3,0.0934,
915020611,50,2,6,0,67,0,1,7,0.1234,
915020612,50,2,6,1,121,0,1,3,0.1096,
915020613,50,2,6,0,46,0,1,5,0.107,
915020614,50,2,6,1,56,0,1,2,0.0656,
915020900,50,2,9,1,172,0,1,2,0.1735,
915020901,50,2,9,0,121,0,1,7,0.3729,
915020902,50,2,9,1,211,0,1,6,0.1904,
915020903,50,2,9,0,137,0,1,10,0.3592,
915020904,50,2,9,1,137,0,1,3,0.1616,
915020905,50,2,9,0,92,0,1,11,0.2699,
915020906,50,2,9,1,106,0,1,6,0.1357,
915020907,50,2,9,0,137,0,1,7,0.3583,
915020908,50,2,9,1,121,0,1,2,0.1288,
915020909,50,2,9,0,106,0,1,6,0.2557,
915020910,50,2,9,1,191,0,1,8,0.2396,
915020911,50,2,9,0,92,0,1,8,0.2911,
915020912,50,2,9,1,172,0,1,5,0.186,
915020913,50,2,9,0,106,0,1,4,0.2974,
915020914,50,2,9,1,211,0,1,4,0.3729,
915021200,50,2,12,1,232,0,1,4,0.3285,
915021201,50,2,12,0,232,0,1,5,0.7414,
915021202,50,2,12,1,254,0,1,2,0.2554,
915021203,50,2,12,0,232,0,1,10,0.6729,
915021204,50,2,12,1,232,0,1,7,0.2194,
915021205,50,2,12,0,137,0,1,5,0.5935,
915021206,50,2,12,1,326,0,1,2,0.2977,
915021207,50,2,12,0,191,0,1,7,0.623,
915021208,50,2,12,1,277,0,1,3,0.3344,
915021209,50,2,12,0,172,0,1,4,0.7558,
915021210,50,2,12,1,232,0,1,4,0.2853,
915021211,50,2,12,0,172,0,1,5,0.6234,
915021212,50,2,12,1,172,0,1,3,0.2482,
915021213,50,2,12,0,232,0,1,6,1.0954,
915021214,50,2,12,1,211,0,1,2,0.2355,
915021800,50,2,18,1,232,0,1,3,0.3748,
915021801,50,2,18,0,529,0,1,3,3.1645,
915021802,50,2,18,1,466,0,1,2,0.6253,
915021803,50,2,18,0,277,0,1,6,1.4811,
915021804,50,2,18,1,326,0,1,6,0.5177,
915021805,50,2,18,0,379,0,1,10,2.0974,
915021806,50,2,18,1,379,0,1,2,0.4563,
915021807,50,2,18,0,436,0,1,5,2.2677,
915021808,50,2,18,1,352,0,1,3,0.6134,
915021809,50,2,18,0,326,0,1,5,2.607,
915021810,50,2,18,1,379,0,1,4,0.5215,
915021811,50,2,18,0,326,0,1,5,4.2956,
915021812,50,2,18,1,379,0,1,4,0.587,
915021813,50,2,18,0,326,0,1,5,2.5947,
915021814,50,2,18,1,379,0,1,6,0.4811,
915030600,50,3,6,1,176,0,1,7,0.1661,
915030601,50,3,6,0,299,0,1,15,0.3685,
915030602,50,3,6,1,470,0,1,7,0.3936,
915030603,50,3,6,0,232,0,1,15,0.325,
915030604,50,3,6,1,470,0,1,12,0.4028,
915030605,50,3,6,0,93,0,1,18,0.1639,
915030606,50,3,6,1,697,0,1,4,0.538,
915030607,50,3,6,0,232,0,1,14,0.2923,
915030608,50,3,6,1,470,0,1,13,0.4238,
915030609,50,3,6,0,299,0,1,16,0.3829,
915030610,50,3,6,1,470,0,1,14,0.3896,
915030611,50,3,6,0,64,0,1,18,0.1076,
915030612,50,3,6,1,378,0,1,11,0.376,
915030613,50,3,6,0,232,0,1,12,0.3042,
915030614,50,3,6,1,834,0,1,15,1.2318,
915030900,50,3,9,1,1351,0,1,7,1.1899,
915030901,50,3,9,0,834,0,1,17,1.5195,
915030902,50,3,9,1,1160,0,1,9,1.1473,
915030903,50,3,9,0,1160,0,1,12,1.9155,
915030904,50,3,9,1,834,0,1,6,0.7892,
915030905,50,3,9,0,470,0,1,12,0.819,
915030906,50,3,9,1,697,0,1,3,0.8327,
915030907,50,3,9,0,470,0,1,8,0.8462,
915030908,50,3,9,1,697,0,1,6,0.7151,
915030909,50,3,9,0,378,0,1,14,0.6131,
915030910,50,3,9,1,576,0,1,12,0.605,
915030911,50,3,9,0,470,0,1,15,1.1019,
915030912,50,3,9,1,470,0,1,12,0.5466,
915030913,50,3,9,0,988,0,1,16,2.7464,
915030914,50,3,9,1,697,0,1,4,1.42,
915031200,50,3,12,1,2048,0,1,7,2.0456,
915031201,50,3,12,0,1351,0,1,6,3.9718,
915031202,50,3,12,1,4090,0,1,3,3.6649,
915031203,50,3,12,0,1794,0,1,9,4.3459,
915031204,50,3,12,1,2626,0,1,5,3.103,
915031205,50,3,12,0,1160,0,1,10,4.1569,
915031206,50,3,12,1,1351,0,1,14,1.9928,
915031207,50,3,12,0,1351,0,1,6,3.5567,
915031208,50,3,12,1,1562,0,1,5,1.9002,
915031209,50,3,12,0,834,0,1,11,3.066,
915031210,50,3,12,1,1794,0,1,6,2.4215,
915031211,50,3,12,0,834,0,1,5,2.0579,
915031212,50,3,12,1,1351,0,1,9,1.7257,
915031213,50,3,12,0,988,0,1,15,2.4539,
915031214,50,3,12,1,1562,0,1,4,2.0068,
915031800,50,3,18,1,3304,0,1,3,6.5945,
915031801,50,3,18,0,3683,0,1,7,29.6697,
915031802,50,3,18,1,3304,0,1,4,4.1648,
915031803,50,3,18,0,2048,0,1,10,12.1648,
915031804,50,3,18,1,3304,0,1,4,4.8614,
915031805,50,3,18,0,2325,0,1,6,8.0185,
915031806,50,3,18,1,2325,0,1,6,3.3216,
915031807,50,3,18,0,2952,0,1,6,18.7536,
915031808,50,3,18,1,5489,0,1,7,5.6976,
915031809,50,3,18,0,3683,0,1,7,24.4081,
915031810,50,3,18,1,3304,0,1,4,5.1134,
915031811,50,3,18,0,3304,0,1,6,17.7835,
915031812,50,3,18,1,3304,0,1,3,4.7743,
915031813,50,3,18,0,3304,0,1,8,20.7967,
915031814,50,3,18,1,4992,0,1,4,5.8167,
